﻿Id,Label,Size
0,0_상태_그라인더_요인,98
1,1_안전_위험_부족,81
2,2_골절_손가락_부상,64
3,3_부상_거푸집_부가,56
4,4_계단_가설_사다리,50
5,5_벽체_콘크리트_낙하,48
6,6_부주의_순서_동작,40
7,7_지붕_토사_추락,36
8,8_자의_부주의_단순,33
9,9_어깨_왼쪽_본인,32
10,10_폐기물_적재_트럭,31
11,11_손가락_사이_왼손,31
12,12_근로자_부주의_인적,23
13,13_물이_호수_낙하,21
14,14_미흡_통제_주변,17
15,15_목재_나무_수목,17
16,16_흙막이_충돌_갱폼,16
17,17_이동식_이동_경로,12
18,18_횡대_수평_외부,10
