Source,Target,Weight
비계,거푸집,0.024779481122379002
비계,바닥,0.02448379112794958
비계,철거,0.02431400794256256
비계,작업중,0.02420320623031506
비계,발판,0.023515974475334205
비계,자재,0.02287208400400703
비계,추락,0.022283133442055174
비계,이동,0.022204273235853212
비계,정리,0.021996862851374373
거푸집,바닥,0.02428397523302614
거푸집,철거,0.02411419204763912
거푸집,작업중,0.024003390335391624
거푸집,발판,0.023316158580410768
거푸집,자재,0.022672268109083592
거푸집,추락,0.022083317547131734
거푸집,이동,0.022004457340929776
거푸집,정리,0.021797046956450933
바닥,철거,0.0238185020532097
바닥,작업중,0.023707700340962198
바닥,발판,0.023020468585981342
바닥,자재,0.02237657811465417
바닥,추락,0.02178762755270231
바닥,이동,0.02170876734650035
바닥,정리,0.02150135696202151
철거,작업중,0.02353791715557518
철거,발판,0.022850685400594324
철거,자재,0.02220679492926715
철거,추락,0.021617844367315293
철거,이동,0.02153898416111333
철거,정리,0.021331573776634492
작업중,발판,0.022739883688346826
작업중,자재,0.02209599321701965
작업중,추락,0.02150704265506779
작업중,이동,0.02142818244886583
작업중,정리,0.021220772064386988
발판,자재,0.021408761462038794
발판,추락,0.020819810900086937
발판,이동,0.02074095069388498
발판,정리,0.020533540309406136
자재,추락,0.020175920428759764
자재,이동,0.020097060222557802
자재,정리,0.019889649838078963
추락,이동,0.01950810966060594
추락,정리,0.0193006992761271
이동,정리,0.01922183906992514
상태,그라인더,0.03844946141135856
상태,요인,0.03757293179755189
상태,관리,0.03577366491048117
상태,진행,0.03541891805453782
상태,사망,0.03396299191981536
상태,착용,0.03378689187827077
상태,조치,0.03373875567787355
상태,원인,0.03373875567787355
상태,가시,0.033474561389053116
그라인더,요인,0.033172166857994824
그라인더,관리,0.0313728999709241
그라인더,진행,0.031018153114980754
그라인더,사망,0.029562226980258288
그라인더,착용,0.029386126938713703
그라인더,조치,0.029337990738316486
그라인더,원인,0.029337990738316486
그라인더,가시,0.02907379644949605
요인,관리,0.030496370357117438
요인,진행,0.030141623501174088
요인,사망,0.028685697366451622
요인,착용,0.028509597324907036
요인,조치,0.02846146112450982
요인,원인,0.02846146112450982
요인,가시,0.028197266835689384
관리,진행,0.028342356614103364
관리,사망,0.026886430479380906
관리,착용,0.026710330437836313
관리,조치,0.026662194237439096
관리,원인,0.026662194237439096
관리,가시,0.02639799994861866
진행,사망,0.026531683623437552
진행,착용,0.026355583581892963
진행,조치,0.026307447381495746
진행,원인,0.026307447381495746
진행,가시,0.02604325309267531
사망,착용,0.0248996574471705
사망,조치,0.024851521246773284
사망,원인,0.024851521246773284
사망,가시,0.02458732695795285
착용,조치,0.024675421205228695
착용,원인,0.024675421205228695
착용,가시,0.02441122691640826
조치,원인,0.024627285004831478
조치,가시,0.024363090716011043
원인,가시,0.024363090716011043
안전,위험,0.10566216605308273
안전,부족,0.10270265629621443
안전,자의,0.09184866209374679
안전,대한,0.0904713386371346
안전,확보,0.09008697002643966
안전,미흡,0.08945534180158538
안전,고리,0.08873128534896861
안전,개인,0.0886168873269365
안전,거리,0.0877405254424975
위험,부족,0.07183121668119138
위험,자의,0.06097722247872374
위험,대한,0.059599899022111553
위험,확보,0.059215530411416625
위험,미흡,0.05858390218656233
위험,고리,0.05785984573394557
위험,개인,0.057745447711913464
위험,거리,0.05686908582747446
부족,자의,0.05801771272185544
부족,대한,0.05664038926524326
부족,확보,0.05625602065454832
부족,미흡,0.05562439242969404
부족,고리,0.054900335977077275
부족,개인,0.05478593795504516
부족,거리,0.05390957607060616
자의,대한,0.045786395062775605
자의,확보,0.04540202645208068
자의,미흡,0.04477039822722638
자의,고리,0.04404634177460962
자의,개인,0.043931943752577515
자의,거리,0.04305558186813851
대한,확보,0.044024702995468484
대한,미흡,0.0433930747706142
대한,고리,0.04266901831799744
대한,개인,0.04255462029596532
대한,거리,0.04167825841152632
확보,미흡,0.043008706159919266
확보,고리,0.0422846497073025
확보,개인,0.042170251685270395
확보,거리,0.04129388980083139
미흡,고리,0.04165302148244822
미흡,개인,0.041538623460416105
미흡,거리,0.040662261575977104
고리,개인,0.04081456700779934
고리,거리,0.03993820512336034
개인,거리,0.039823807101328226
골절,손가락,0.10046189476484962
골절,부상,0.09243137210875033
골절,손목,0.09118449267983211
골절,왼쪽,0.0891197663537876
골절,우측,0.08896578188758864
골절,오른쪽,0.0881533774029412
골절,동바리,0.08608446579054338
골절,거푸집,0.08565178640293752
골절,늑골,0.08343874845677172
손가락,부상,0.05439300322557732
손가락,손목,0.05314612379665912
손가락,왼쪽,0.0510813974706146
손가락,우측,0.05092741300441564
손가락,오른쪽,0.0501150085197682
손가락,동바리,0.04804609690737037
손가락,거푸집,0.04761341751976453
손가락,늑골,0.04540037957359872
부상,손목,0.04511560114055982
부상,왼쪽,0.043050874814515305
부상,우측,0.04289689034831634
부상,오른쪽,0.042084485863668905
부상,동바리,0.04001557425127107
부상,거푸집,0.03958289486366523
부상,늑골,0.037369856917499424
손목,왼쪽,0.04180399538559709
손목,우측,0.04165001091939813
손목,오른쪽,0.04083760643475069
손목,동바리,0.038768694822352866
손목,거푸집,0.038336015434747024
손목,늑골,0.03612297748858121
왼쪽,우측,0.03958528459335362
왼쪽,오른쪽,0.03877288010870618
왼쪽,동바리,0.03670396849630836
왼쪽,거푸집,0.03627128910870252
왼쪽,늑골,0.034058251162536704
우측,오른쪽,0.038618895642507214
우측,동바리,0.036549984030109395
우측,거푸집,0.03611730464250355
우측,늑골,0.03390426669633774
오른쪽,동바리,0.03573757954546195
오른쪽,거푸집,0.03530490015785611
오른쪽,늑골,0.0330918622116903
동바리,거푸집,0.033235988545458284
동바리,늑골,0.03102295059929247
거푸집,늑골,0.03059027121168663
부상,거푸집,0.06209395549470391
부상,부가,0.051323310662155425
부상,가드레일,0.051323310662155425
부상,볼트,0.04893965506183215
부상,코킹,0.048623457503082945
부상,왼쪽,0.0482093376251303
부상,손가락,0.04820282642542391
부상,튀어,0.047886039522658685
부상,빠루,0.046972524987415276
거푸집,부가,0.0510287115831613
거푸집,가드레일,0.0510287115831613
거푸집,볼트,0.048645055982838026
거푸집,코킹,0.048328858424088815
거푸집,왼쪽,0.047914738546136176
거푸집,손가락,0.047908227346429785
거푸집,튀어,0.04759144044366456
거푸집,빠루,0.046677925908421146
부가,가드레일,0.04025806675061281
부가,볼트,0.03787441115028954
부가,코킹,0.037558213591540324
부가,왼쪽,0.03714409371358769
부가,손가락,0.037137582513881294
부가,튀어,0.03682079561111608
부가,빠루,0.035907281075872655
가드레일,볼트,0.03787441115028954
가드레일,코킹,0.037558213591540324
가드레일,왼쪽,0.03714409371358769
가드레일,손가락,0.037137582513881294
가드레일,튀어,0.03682079561111608
가드레일,빠루,0.035907281075872655
볼트,코킹,0.035174557991217055
볼트,왼쪽,0.034760438113264416
볼트,손가락,0.034753926913558025
볼트,튀어,0.0344371400107928
볼트,빠루,0.033523625475549386
코킹,왼쪽,0.034444240554515206
코킹,손가락,0.03443772935480881
코킹,튀어,0.03412094245204359
코킹,빠루,0.033207427916800175
왼쪽,손가락,0.034023609476856176
왼쪽,튀어,0.03370682257409095
왼쪽,빠루,0.032793308038847536
손가락,튀어,0.03370031137438456
손가락,빠루,0.03278679683914114
튀어,빠루,0.03247000993637592
계단,가설,0.07270515224718674
계단,사다리,0.07131887939257871
계단,자재,0.06599820482680155
계단,교량,0.059473184955065664
계단,정리,0.05894504526068678
계단,보도,0.05825705841648342
계단,지지,0.05535035336885462
계단,발판,0.055274191350965146
계단,슬라브,0.054944153745673116
가설,사다리,0.06533743501039313
가설,자재,0.06001676044461597
가설,교량,0.05349174057288008
가설,정리,0.0529636008785012
가설,보도,0.05227561403429783
가설,지지,0.04936890898666903
가설,발판,0.04929274696877956
가설,슬라브,0.048962709363487525
사다리,자재,0.05863048759000795
사다리,교량,0.052105467718272055
사다리,정리,0.05157732802389317
사다리,보도,0.05088934117968981
사다리,지지,0.04798263613206101
사다리,발판,0.04790647411417154
사다리,슬라브,0.04757643650887951
자재,교량,0.046784793152494904
자재,정리,0.046256653458116026
자재,보도,0.04556866661391266
자재,지지,0.04266196156628385
자재,발판,0.042585799548394386
자재,슬라브,0.04225576194310235
교량,정리,0.03973163358638013
교량,보도,0.039043646742176766
교량,지지,0.03613694169454797
교량,발판,0.036060779676658494
교량,슬라브,0.035730742071366464
정리,보도,0.03851550704779788
정리,지지,0.03560880200016908
정리,발판,0.03553263998227961
정리,슬라브,0.03520260237698758
보도,지지,0.03492081515596572
보도,발판,0.03484465313807625
보도,슬라브,0.03451461553278422
지지,발판,0.03193794809044745
지지,슬라브,0.03160791048515541
발판,슬라브,0.031531748467265946
벽체,콘크리트,0.08025043730129325
벽체,낙하,0.07206597515244464
벽체,비계,0.06932230369640077
벽체,철거,0.06879690391616014
벽체,공사,0.06677677029268297
벽체,적벽,0.06571163323272505
벽체,시공,0.06558351870064658
벽체,거푸집,0.0650008070953949
벽체,하부,0.06429192583350112
콘크리트,낙하,0.056424832648242475
콘크리트,비계,0.05368116119219859
콘크리트,철거,0.05315576141195796
콘크리트,공사,0.05113562778848079
콘크리트,적벽,0.050070490728522876
콘크리트,시공,0.0499423761964444
콘크리트,거푸집,0.04935966459119272
콘크리트,하부,0.04865078332929894
낙하,비계,0.04549669904334999
낙하,철거,0.04497129926310936
낙하,공사,0.042951165639632194
낙하,적벽,0.04188602857967428
낙하,시공,0.04175791404759581
낙하,거푸집,0.04117520244234412
낙하,하부,0.04046632118045035
비계,철거,0.042227627807065474
비계,공사,0.04020749418358831
비계,적벽,0.03914235712363039
비계,시공,0.03901424259155192
비계,거푸집,0.038431530986300234
비계,하부,0.03772264972440646
철거,공사,0.039682094403347676
철거,적벽,0.03861695734338976
철거,시공,0.03848884281131129
철거,거푸집,0.0379061312060596
철거,하부,0.03719724994416583
공사,적벽,0.036596823719912595
공사,시공,0.036468709187834125
공사,거푸집,0.035885997582582436
공사,하부,0.035177116320688664
적벽,시공,0.035403572127876204
적벽,거푸집,0.03482086052262452
적벽,하부,0.03411197926073074
시공,거푸집,0.034692745990546045
시공,하부,0.03398386472865227
거푸집,하부,0.033401153123400584
부주의,순서,0.6036939116800546
부주의,결빙,0.5857662208456228
부주의,동작,0.5857662208456228
부주의,부적정,0.5823647540841175
부주의,자세,0.5685409948582856
부주의,원인,0.5676816288823828
부주의,낙상,0.5619755583880841
부주의,불량,0.5614913369628101
부주의,도중,0.5572438339753844
순서,결빙,0.14020860600229523
순서,동작,0.14020860600229523
순서,부적정,0.1368071392407899
순서,자세,0.12298338001495804
순서,원인,0.12212401403905532
순서,낙상,0.11641794354475662
순서,불량,0.11593372211948252
순서,도중,0.1116862191320568
결빙,동작,0.12228091516786338
결빙,부적정,0.11887944840635803
결빙,자세,0.10505568918052616
결빙,원인,0.10419632320462346
결빙,낙상,0.09849025271032476
결빙,불량,0.09800603128505064
결빙,도중,0.09375852829762493
동작,부적정,0.11887944840635803
동작,자세,0.10505568918052616
동작,원인,0.10419632320462346
동작,낙상,0.09849025271032476
동작,불량,0.09800603128505064
동작,도중,0.09375852829762493
부적정,자세,0.10165422241902082
부적정,원인,0.10079485644311811
부적정,낙상,0.09508878594881942
부적정,불량,0.0946045645235453
부적정,도중,0.09035706153611958
자세,원인,0.08697109721728624
자세,낙상,0.08126502672298755
자세,불량,0.08078080529771343
자세,도중,0.07653330231028771
원인,낙상,0.08040566074708483
원인,불량,0.07992143932181073
원인,도중,0.07567393633438502
낙상,불량,0.07421536882751203
낙상,도중,0.06996786584008631
불량,도중,0.0694836444148122
지붕,토사,0.13720346081549745
지붕,추락,0.13566091806263686
지붕,설치,0.1348923970093576
지붕,건물,0.13252110844070922
지붕,안전,0.13199297499802243
지붕,철거,0.12909134060073682
지붕,슬레이트,0.1240758658034833
지붕,붕괴,0.12293154718671388
지붕,살수,0.12204740372917551
토사,추락,0.06058777933522185
토사,설치,0.059819258281942594
토사,건물,0.05744796971329423
토사,안전,0.05691983627060743
토사,철거,0.05401820187332183
토사,슬레이트,0.0490027270760683
토사,붕괴,0.047858408459298896
토사,살수,0.04697426500176052
추락,설치,0.05827671552908198
추락,건물,0.055905426960433616
추락,안전,0.05537729351774682
추락,철거,0.05247565912046123
추락,슬레이트,0.0474601843232077
추락,붕괴,0.04631586570643828
추락,살수,0.04543172224889991
설치,건물,0.05513690590715436
설치,안전,0.05460877246446756
설치,철거,0.05170713806718197
설치,슬레이트,0.046691663269928435
설치,붕괴,0.04554734465315902
설치,살수,0.04466320119562065
건물,안전,0.0522374838958192
건물,철거,0.049335849498533604
건물,슬레이트,0.04432037470128007
건물,붕괴,0.04317605608451066
건물,살수,0.04229191262697229
안전,철거,0.0488077160558468
안전,슬레이트,0.04379224125859327
안전,붕괴,0.04264792264182386
안전,살수,0.04176377918428549
철거,슬레이트,0.04089060686130768
철거,붕괴,0.03974628824453827
철거,살수,0.0388621447869999
슬레이트,붕괴,0.034730813447284736
슬레이트,살수,0.033846669989746364
붕괴,살수,0.03270235137297695
자의,부주의,0.35058730222422196
자의,단순,0.3488811424740046
자의,과실,0.3049513441806333
자의,개인,0.2602950825066848
자의,발판,0.23089207302376225
자의,상체,0.22469888362823698
자의,태자,0.22469888362823698
자의,신설,0.22469888362823698
자의,자재,0.22342544054556723
부주의,단순,0.3111538288886004
부주의,과실,0.26722403059522915
부주의,개인,0.2225677689212806
부주의,발판,0.19316475943835806
부주의,상체,0.1869715700428328
부주의,태자,0.1869715700428328
부주의,신설,0.1869715700428328
부주의,자재,0.18569812696016305
단순,과실,0.26551787084501177
단순,개인,0.22086160917106323
단순,발판,0.1914585996881407
단순,상체,0.18526541029261542
단순,태자,0.18526541029261542
단순,신설,0.18526541029261542
단순,자재,0.18399196720994568
과실,개인,0.176931810877692
과실,발판,0.14752880139476945
과실,상체,0.1413356119992442
과실,태자,0.1413356119992442
과실,신설,0.1413356119992442
과실,자재,0.14006216891657441
개인,발판,0.10287253972082094
개인,상체,0.09667935032529568
개인,태자,0.09667935032529568
개인,신설,0.09667935032529568
개인,자재,0.0954059072426259
발판,상체,0.06727634084237312
발판,태자,0.06727634084237312
발판,신설,0.06727634084237312
발판,자재,0.06600289775970336
상체,태자,0.06108315144684786
상체,신설,0.06108315144684786
상체,자재,0.059809708364178094
태자,신설,0.06108315144684786
태자,자재,0.059809708364178094
신설,자재,0.059809708364178094
어깨,왼쪽,0.0895040595374498
어깨,본인,0.08642066037649451
어깨,강제,0.0864193281478293
어깨,선관,0.0864193281478293
어깨,제거,0.08588353870596965
어깨,좌측,0.085721056611271
어깨,부위,0.08415405215359414
어깨,거푸집,0.08389809249468963
어깨,발등,0.08335888668260492
왼쪽,본인,0.04748777921238023
왼쪽,강제,0.047486446983715014
왼쪽,선관,0.047486446983715014
왼쪽,제거,0.04695065754185538
왼쪽,좌측,0.046788175447156716
왼쪽,부위,0.04522117098947987
왼쪽,거푸집,0.04496521133057535
왼쪽,발등,0.044426005518490644
본인,강제,0.04440304782275971
본인,선관,0.04440304782275971
본인,제거,0.043867258380900075
본인,좌측,0.04370477628620141
본인,부위,0.042137771828524566
본인,거푸집,0.041881812169620045
본인,발등,0.04134260635753534
강제,선관,0.04440171559409449
강제,제거,0.043865926152234856
강제,좌측,0.04370344405753619
강제,부위,0.04213643959985935
강제,거푸집,0.041880479940954826
강제,발등,0.04134127412887012
선관,제거,0.043865926152234856
선관,좌측,0.04370344405753619
선관,부위,0.04213643959985935
선관,거푸집,0.041880479940954826
선관,발등,0.04134127412887012
제거,좌측,0.04316765461567656
제거,부위,0.04160065015799971
제거,거푸집,0.0413446904990952
제거,발등,0.04080548468701049
좌측,부위,0.04143816806330105
좌측,거푸집,0.04118220840439653
좌측,발등,0.04064300259231182
부위,거푸집,0.03961520394671969
부위,발등,0.039075998134634984
거푸집,발등,0.03882003847573046
폐기물,적재,0.14404851919622863
폐기물,트럭,0.13421815989606486
폐기물,자재,0.1327256839733588
폐기물,차량,0.12538036309879785
폐기물,야적,0.11829856381008164
폐기물,컨테이너,0.11829856381008164
폐기물,운반,0.11195081611180754
폐기물,상부,0.1099209798167412
폐기물,철거,0.1086035725280699
적재,트럭,0.10533647424548061
적재,자재,0.10384399832277454
적재,차량,0.0964986774482136
적재,야적,0.08941687815949736
적재,컨테이너,0.08941687815949736
적재,운반,0.08306913046122327
적재,상부,0.08103929416615695
적재,철거,0.07972188687748565
트럭,자재,0.09401363902261077
트럭,차량,0.08666831814804983
트럭,야적,0.0795865188593336
트럭,컨테이너,0.0795865188593336
트럭,운반,0.07323877116105951
트럭,상부,0.07120893486599318
트럭,철거,0.06989152757732188
자재,차량,0.08517584222534376
자재,야적,0.07809404293662753
자재,컨테이너,0.07809404293662753
자재,운반,0.07174629523835344
자재,상부,0.06971645894328711
자재,철거,0.06839905165461581
차량,야적,0.07074872206206659
차량,컨테이너,0.07074872206206659
차량,운반,0.0644009743637925
차량,상부,0.06237113806872617
차량,철거,0.06105373078005487
야적,컨테이너,0.06366692277335036
야적,운반,0.057319175075076265
야적,상부,0.05528933878000994
야적,철거,0.05397193149133864
컨테이너,운반,0.057319175075076265
컨테이너,상부,0.05528933878000994
컨테이너,철거,0.05397193149133864
운반,상부,0.04894159108173585
운반,철거,0.047624183793064545
상부,철거,0.04559434749799821
손가락,사이,0.1162851171222116
손가락,왼손,0.11465815435104082
손가락,거푸집,0.10824840566304818
손가락,엄지손가락,0.09828517244665708
손가락,러그,0.09828355607131851
손가락,정리,0.09821428036242638
손가락,자재,0.09483369168487686
손가락,새끼손가락,0.09388066103294224
손가락,끼임,0.09328729007711796
사이,왼손,0.08824817090806569
사이,거푸집,0.08183842222007304
사이,엄지손가락,0.07187518900368195
사이,러그,0.07187357262834337
사이,정리,0.07180429691945125
사이,자재,0.06842370824190172
사이,새끼손가락,0.06747067758996711
사이,끼임,0.06687730663414282
왼손,거푸집,0.08021145944890228
왼손,엄지손가락,0.07024822623251117
왼손,러그,0.07024660985717261
왼손,정리,0.07017733414828048
왼손,자재,0.06679674547073096
왼손,새끼손가락,0.06584371481879633
왼손,끼임,0.06525034386297206
거푸집,엄지손가락,0.06383847754451855
거푸집,러그,0.06383686116917997
거푸집,정리,0.06376758546028784
거푸집,자재,0.06038699678273832
거푸집,새끼손가락,0.05943396613080369
거푸집,끼임,0.058840595174979415
엄지손가락,러그,0.05387362795278887
엄지손가락,정리,0.05380435224389675
엄지손가락,자재,0.05042376356634722
엄지손가락,새끼손가락,0.0494707329144126
엄지손가락,끼임,0.04887736195858832
러그,정리,0.053802735868558174
러그,자재,0.050422147191008654
러그,새끼손가락,0.04946911653907403
러그,끼임,0.04887574558324975
정리,자재,0.05035287148211652
정리,새끼손가락,0.049399840830181896
정리,끼임,0.04880646987435762
자재,새끼손가락,0.046019252152632376
자재,끼임,0.0454258811968081
새끼손가락,끼임,0.044472850544873474
근로자,부주의,0.21644516442198786
근로자,지주,0.20975206110724026
근로자,인적,0.20975206110724026
근로자,공간,0.20588237961163772
근로자,계단,0.20519149848336743
근로자,거푸집,0.20418513325286666
근로자,요인,0.20390870017009582
근로자,실행,0.19949609455221357
근로자,탈구,0.19949609455221357
부주의,지주,0.07513181679078937
부주의,인적,0.07513181679078937
부주의,공간,0.07126213529518682
부주의,계단,0.07057125416691651
부주의,거푸집,0.06956488893641574
부주의,요인,0.06928845585364492
부주의,실행,0.06487585023576264
부주의,탈구,0.06487585023576264
지주,인적,0.06843871347604177
지주,공간,0.06456903198043923
지주,계단,0.06387815085216891
지주,거푸집,0.06287178562166815
지주,요인,0.06259535253889732
지주,실행,0.05818274692101505
지주,탈구,0.05818274692101505
인적,공간,0.06456903198043923
인적,계단,0.06387815085216891
인적,거푸집,0.06287178562166815
인적,요인,0.06259535253889732
인적,실행,0.05818274692101505
인적,탈구,0.05818274692101505
공간,계단,0.06000846935656637
공간,거푸집,0.0590021041260656
공간,요인,0.05872567104329478
공간,실행,0.054313065425412504
공간,탈구,0.054313065425412504
계단,거푸집,0.0583112229977953
계단,요인,0.05803478991502446
계단,실행,0.05362218429714219
계단,탈구,0.05362218429714219
거푸집,요인,0.0570284246845237
거푸집,실행,0.05261581906664143
거푸집,탈구,0.05261581906664143
요인,실행,0.0523393859838706
요인,탈구,0.0523393859838706
실행,탈구,0.047926780365988325
물이,호수,0.13547516745553723
물이,낙하,0.12464215734491949
물이,잔해,0.12363996635492229
물이,빗물,0.11259952162704345
물이,잔재,0.11206308140270818
물이,철거,0.11174604242205745
물이,발기,0.1093637206556502
물이,물의,0.1093637206556502
물이,안전모,0.10898740017990449
호수,낙하,0.08693049596881652
호수,잔해,0.08592830497881933
호수,빗물,0.07488786025094049
호수,잔재,0.07435142002660522
호수,철거,0.07403438104595449
호수,발기,0.07165205927954724
호수,물의,0.07165205927954724
호수,안전모,0.07127573880380153
낙하,잔해,0.0750952948682016
낙하,빗물,0.06405485014032276
낙하,잔재,0.06351840991598748
낙하,철거,0.06320137093533676
낙하,발기,0.06081904916892951
낙하,물의,0.06081904916892951
낙하,안전모,0.06044272869318379
잔해,빗물,0.06305265915032557
잔해,잔재,0.06251621892599028
잔해,철거,0.06219917994533955
잔해,발기,0.05981685817893231
잔해,물의,0.05981685817893231
잔해,안전모,0.059440537703186594
빗물,잔재,0.05147577419811145
빗물,철거,0.05115873521746072
빗물,발기,0.04877641345105348
빗물,물의,0.04877641345105348
빗물,안전모,0.04840009297530776
잔재,철거,0.05062229499312544
잔재,발기,0.0482399732267182
잔재,물의,0.0482399732267182
잔재,안전모,0.047863652750972485
철거,발기,0.047922934246067465
철거,물의,0.047922934246067465
철거,안전모,0.04754661377032175
발기,물의,0.04554061247966022
발기,안전모,0.0451642920039145
물의,안전모,0.0451642920039145
미흡,통제,0.2885238462328926
미흡,주변,0.2756519092116249
미흡,환경,0.27295852745511123
미흡,고소,0.2678523993293786
미흡,순서,0.261746448342139
미흡,대한,0.2611787016917494
미흡,우물,0.2593829827124605
미흡,경내,0.2593829827124605
미흡,풍속,0.2593829827124605
통제,주변,0.11702451930210778
통제,환경,0.11433113754559407
통제,고소,0.10922500941986144
통제,순서,0.10311905843262187
통제,대한,0.10255131178223223
통제,우물,0.10075559280294337
통제,경내,0.10075559280294337
통제,풍속,0.10075559280294337
주변,환경,0.10145920052432639
주변,고소,0.09635307239859375
주변,순서,0.09024712141135417
주변,대한,0.08967937476096455
주변,우물,0.08788365578167567
주변,경내,0.08788365578167567
주변,풍속,0.08788365578167567
환경,고소,0.09365969064208005
환경,순서,0.08755373965484048
환경,대한,0.08698599300445084
환경,우물,0.085190274025162
환경,경내,0.085190274025162
환경,풍속,0.085190274025162
고소,순서,0.08244761152910784
고소,대한,0.0818798648787182
고소,우물,0.08008414589942935
고소,경내,0.08008414589942935
고소,풍속,0.08008414589942935
순서,대한,0.07577391389147864
순서,우물,0.07397819491218977
순서,경내,0.07397819491218977
순서,풍속,0.07397819491218977
대한,우물,0.07341044826180014
대한,경내,0.07341044826180014
대한,풍속,0.07341044826180014
우물,경내,0.07161472928251128
우물,풍속,0.07161472928251128
경내,풍속,0.07161472928251128
목재,나무,0.22883030373659952
목재,수목,0.21065638151984997
목재,객체,0.18360380021958336
목재,아웃,0.1806067036325227
목재,트리,0.1806067036325227
목재,가해,0.17639454783034336
목재,벌목,0.16364839863572617
목재,대상,0.16084029476760658
목재,선별,0.1515166888084914
나무,수목,0.18002310797218338
나무,객체,0.15297052667191677
나무,아웃,0.1499734300848561
나무,트리,0.1499734300848561
나무,가해,0.14576127428267677
나무,벌목,0.13301512508805957
나무,대상,0.13020702121994
나무,선별,0.12088341526082479
수목,객체,0.13479660445516722
수목,아웃,0.13179950786810657
수목,트리,0.13179950786810657
수목,가해,0.12758735206592722
수목,벌목,0.11484120287131003
수목,대상,0.11203309900319045
수목,선별,0.10270949304407524
객체,아웃,0.10474692656783996
객체,트리,0.10474692656783996
객체,가해,0.1005347707656606
객체,벌목,0.0877886215710434
객체,대상,0.08498051770292384
객체,선별,0.07565691174380863
아웃,트리,0.1017498299807793
아웃,가해,0.09753767417859996
아웃,벌목,0.08479152498398276
아웃,대상,0.08198342111586318
아웃,선별,0.07265981515674798
트리,가해,0.09753767417859996
트리,벌목,0.08479152498398276
트리,대상,0.08198342111586318
트리,선별,0.07265981515674798
가해,벌목,0.0805793691818034
가해,대상,0.07777126531368383
가해,선별,0.06844765935456863
벌목,대상,0.06502511611906664
벌목,선별,0.05570151015995144
대상,선별,0.05289340629183186
흙막이,충돌,0.14544228721011743
흙막이,갱폼,0.1360239926423239
흙막이,받침,0.1349793016662536
흙막이,순간,0.1349793016662536
흙막이,가설,0.13475603137279585
흙막이,바닥,0.12996232726940066
흙막이,추락,0.12799537047795023
흙막이,하층,0.12724685921156267
흙막이,볼트,0.12681692802082564
충돌,갱폼,0.09121389432830554
충돌,받침,0.09016920335223524
충돌,순간,0.09016920335223524
충돌,가설,0.08994593305877749
충돌,바닥,0.0851522289553823
충돌,추락,0.0831852721639319
충돌,하층,0.08243676089754433
충돌,볼트,0.0820068297068073
갱폼,받침,0.08075090878444169
갱폼,순간,0.08075090878444169
갱폼,가설,0.08052763849098396
갱폼,바닥,0.07573393438758877
갱폼,추락,0.07376697759613834
갱폼,하층,0.07301846632975079
갱폼,볼트,0.07258853513901375
받침,순간,0.0797062178083714
받침,가설,0.07948294751491365
받침,바닥,0.07468924341151846
받침,추락,0.07272228662006805
받침,하층,0.07197377535368049
받침,볼트,0.07154384416294346
순간,가설,0.07948294751491365
순간,바닥,0.07468924341151846
순간,추락,0.07272228662006805
순간,하층,0.07197377535368049
순간,볼트,0.07154384416294346
가설,바닥,0.07446597311806072
가설,추락,0.07249901632661031
가설,하층,0.07175050506022274
가설,볼트,0.0713205738694857
바닥,추락,0.06770531222321512
바닥,하층,0.06695680095682754
바닥,볼트,0.06652686976609051
추락,하층,0.06498984416537715
추락,볼트,0.06455991297464012
하층,볼트,0.06381140170825254
이동식,이동,0.24963648752506393
이동식,경로,0.20590491861345211
이동식,비계,0.20523642957045773
이동식,협소,0.18814795119072747
이동식,배관,0.17283739018477012
이동식,인계,0.1712754884391473
이동식,주형,0.1712754884391473
이동식,음으로,0.1712754884391473
이동식,라켓,0.1712754884391473
이동,경로,0.20199730708277117
이동,비계,0.2013288180397768
이동,협소,0.18424033966004652
이동,배관,0.16892977865408917
이동,인계,0.16736787690846636
이동,주형,0.16736787690846636
이동,음으로,0.16736787690846636
이동,라켓,0.16736787690846636
경로,비계,0.15759724912816497
경로,협소,0.1405087707484347
경로,배관,0.12519820974247736
경로,인계,0.12363630799685454
경로,주형,0.12363630799685454
경로,음으로,0.12363630799685454
경로,라켓,0.12363630799685454
비계,협소,0.13984028170544033
비계,배관,0.12452972069948301
비계,인계,0.12296781895386018
비계,주형,0.12296781895386018
비계,음으로,0.12296781895386018
비계,라켓,0.12296781895386018
협소,배관,0.10744124231975272
협소,인계,0.1058793405741299
협소,주형,0.1058793405741299
협소,음으로,0.1058793405741299
협소,라켓,0.1058793405741299
배관,인계,0.09056877956817255
배관,주형,0.09056877956817255
배관,음으로,0.09056877956817255
배관,라켓,0.09056877956817255
인계,주형,0.08900687782254973
인계,음으로,0.08900687782254973
인계,라켓,0.08900687782254973
주형,음으로,0.08900687782254973
주형,라켓,0.08900687782254973
음으로,라켓,0.08900687782254973
횡대,수평,0.12553719126169344
횡대,외부,0.11634115237877708
횡대,난간,0.11582441660075098
횡대,시스템,0.11428020257394599
횡대,소형,0.11396715378056677
횡대,안전,0.10579609081207589
횡대,체인,0.10517050490921304
횡대,블럭,0.10288186767567423
횡대,승강,0.10288186767567423
수평,외부,0.10328759795015273
수평,난간,0.10277086217212662
수평,시스템,0.10122664814532163
수평,소형,0.10091359935194241
수평,안전,0.09274253638345153
수평,체인,0.09211695048058868
수평,블럭,0.08982831324704987
수평,승강,0.08982831324704987
외부,난간,0.09357482328921027
외부,시스템,0.09203060926240528
외부,소형,0.09171756046902607
외부,안전,0.08354649750053517
외부,체인,0.08292091159767234
외부,블럭,0.0806322743641335
외부,승강,0.0806322743641335
난간,시스템,0.09151387348437917
난간,소형,0.09120082469099997
난간,안전,0.08302976172250906
난간,체인,0.08240417581964624
난간,블럭,0.0801155385861074
난간,승강,0.0801155385861074
시스템,소형,0.08965661066419497
시스템,안전,0.08148554769570407
시스템,체인,0.08085996179284125
시스템,블럭,0.07857132455930241
시스템,승강,0.07857132455930241
소형,안전,0.08117249890232486
소형,체인,0.08054691299946203
소형,블럭,0.0782582757659232
소형,승강,0.0782582757659232
안전,체인,0.07237585003097113
안전,블럭,0.07008721279743231
안전,승강,0.07008721279743231
체인,블럭,0.06946162689456947
체인,승강,0.06946162689456947
블럭,승강,0.06717298966103065
가드레일,거푸집,0.01335313730067137
가드레일,공사,0.01564032413904971
가드레일,동바리,0.0147541525871906
가드레일,본인,0.015381884195377652
가드레일,볼트,0.015971651098453745
가드레일,부가,0.03897709299976834
가드레일,부상,0.030391176140752926
가드레일,빠루,0.03141965745329215
가드레일,왼쪽,0.018757155573590673
가드레일,코킹,0.03749274331782957
가드레일,튀어,0.023975144098193943
가설,가시,0.027957577729084013
가설,갱폼,0.0552525309119089
가설,거푸집,0.021535392815870233
가설,계단,0.031243449161932606
가설,공사,0.019033089560847566
가설,교량,0.025090106936617285
가설,낙상,0.03241137153447091
가설,바닥,0.03498186862266664
가설,받침,0.04560185287669225
가설,보도,0.033729214315330026
가설,볼트,0.030249986716649652
가설,붕괴,0.029985152659596243
가설,사다리,0.056134101977749686
가설,상부,0.033124107678949966
가설,순간,0.0537652283336961
가설,슬라브,0.02333265636651459
가설,정리,0.01594975588184115
가설,제거,0.02208154366237297
가설,지지,0.031336356809584805
가설,진행,0.03010633070170525
가설,철거,0.018447713602773926
가설,추락,0.022876186200997815
가설,충돌,0.05193576708534565
가설,튀어,0.027799897136485945
가설,하층,0.05356033282867394
가설,흙막이,0.0956052722890552
가시,갱폼,0.04181172643314623
가시,거푸집,0.017310273423664292
가시,그라인더,0.010749577875974107
가시,끼임,0.012830375914993199
가시,러그,0.020506980570161867
가시,바닥,0.014758228076588827
가시,받침,0.03330089840390424
가시,볼트,0.024259249099290576
가시,붕괴,0.015554653104390992
가시,사다리,0.02090903286383069
가시,사이,0.025187684517380564
가시,상부,0.015432154794663377
가시,새끼손가락,0.018939379747157613
가시,손가락,0.02212243096202132
가시,순간,0.0425535289381126
가시,엄지손가락,0.01996649770416148
가시,왼손,0.028581267552933463
가시,작업중,0.009051604478990597
가시,정리,0.009053631879739519
가시,제거,0.018709585268685
가시,진행,0.018325757844535835
가시,추락,0.00921286235011362
가시,충돌,0.03906882134405213
가시,튀어,0.018926088354319155
가시,하층,0.03177148235714044
가시,흙막이,0.08530322113309954
가해,객체,0.09751602030729178
가해,나무,0.14090726602302636
가해,대상,0.07141251349550348
가해,목재,0.17070877910382895
가해,벌목,0.07653818999262094
가해,선별,0.06639238632338515
가해,손목,0.029940546297783206
가해,수목,0.12375629566028973
가해,슬라브,0.03321603187585175
가해,아웃,0.09429957248155513
가해,운반,0.034539740882986704
가해,작업중,0.025646784561724725
가해,제거,0.030411571835788655
가해,철거,0.024732564214582954
가해,트리,0.09429957248155513
가해,하부,0.030617081839346888
강제,그라인더,0.022591447620466915
강제,동바리,0.01940667056160046
강제,발기,0.023526118734040643
강제,발등,0.032267684818270456
강제,본인,0.040748489679771245
강제,부위,0.023917534304476813
강제,선관,0.04440171559409449
강제,어깨,0.08585210202784228
강제,왼쪽,0.02873338600857983
강제,우측,0.01808261476701793
강제,제거,0.025808332032132317
강제,좌측,0.02449307342619101
강제,하부,0.015108184671688311
개인,계단,0.02471314718793972
개인,공간,0.02714456164307996
개인,과실,0.12391291117791317
개인,관리,0.022182975081118172
개인,교량,0.026568266051361318
개인,끼임,0.018917233608141792
개인,단순,0.16801760289836587
개인,발판,0.02002651872503109
개인,부족,0.04310334457232852
개인,상체,0.04855682953398543
개인,신설,0.04855682953398543
개인,자의,0.042982046650105035
개인,자재,0.012155102628407815
개인,지지,0.016363892264184245
개인,태자,0.04855682953398543
개인,확보,0.030333296340028758
객체,나무,0.1524541731882171
객체,대상,0.06993999463787276
객체,목재,0.18318617214011107
객체,벌목,0.0859672189041374
객체,선별,0.07565691174380863
객체,손목,0.03411142600052708
객체,수목,0.13479660445516722
객체,슬라브,0.03321847637169707
객체,아웃,0.10440443325117192
객체,운반,0.03829157887534844
객체,제거,0.030811881529622765
객체,트리,0.10440443325117192
객체,하부,0.026713117099606658
갱폼,거푸집,0.025509784869279076
갱폼,바닥,0.03727300940546296
갱폼,받침,0.06472827700959707
갱폼,볼트,0.046613065193868715
갱폼,붕괴,0.0403009899136442
갱폼,사다리,0.041534724243571526
갱폼,상부,0.026472735720209046
갱폼,순간,0.07734098652809314
갱폼,지지,0.02557445232575493
갱폼,진행,0.0438091268986401
갱폼,추락,0.0253175418396267
갱폼,충돌,0.07329135070155683
갱폼,튀어,0.04545498989104058
갱폼,하층,0.06826268146478696
갱폼,흙막이,0.13369555381182566
거리,고리,0.02237567551445712
거리,관리,0.013504694543598999
거리,대한,0.019387337361981945
거리,부족,0.037744892776641795
거리,사다리,0.02289663581608148
거리,안전,0.06696373076247866
거리,위험,0.04851393333728276
거리,조치,0.01917036133078837
거리,확보,0.026211826872385664
거푸집,계단,0.020012911828566897
거푸집,공간,0.017864183107643886
거푸집,공사,0.013564883505402357
거푸집,관리,0.010257341178381733
거푸집,근로자,0.08083615381015402
거푸집,끼임,0.021943269371056194
거푸집,낙하,0.017239812071169095
거푸집,동바리,0.01695185352596815
거푸집,러그,0.018884422309438063
거푸집,바닥,0.015698621545308048
거푸집,벽체,0.03842365921048606
거푸집,본인,0.014162688582023042
거푸집,볼트,0.020508917829910683
거푸집,부가,0.013599938350594733
거푸집,부상,0.022143127308207926
거푸집,부위,0.015812323177029772
거푸집,빠루,0.01804046938486407
거푸집,사다리,0.01710565108643104
거푸집,사이,0.030934326024748562
거푸집,상부,0.022196163652197332
거푸집,새끼손가락,0.018529439099369945
거푸집,손가락,0.026547730919379914
거푸집,손목,0.014288819762641946
거푸집,순간,0.027084469539711872
거푸집,슬라브,0.01278229463338033
거푸집,실행,0.01355199082416396
거푸집,엄지손가락,0.02094056357544379
거푸집,왼손,0.03254129138069109
거푸집,왼쪽,0.016178425701632655
거푸집,요인,0.011128320793380931
거푸집,우측,0.017880454148451044
거푸집,인적,0.018298610331744816
거푸집,자재,0.013441052560313709
거푸집,작업중,0.01866650134678663
거푸집,정리,0.013449874756120537
거푸집,제거,0.023518676180861658
거푸집,좌측,0.01549006736299783
거푸집,지주,0.02062673445721071
거푸집,진행,0.01380091661063431
거푸집,철거,0.013268382930987378
거푸집,추락,0.009291149332241611
거푸집,충돌,0.02743606923400439
거푸집,코킹,0.011980732505681744
거푸집,콘크리트,0.016788666515983427
거푸집,탈구,0.01355199082416396
거푸집,튀어,0.01872894515067331
거푸집,하부,0.014672924618181468
거푸집,하층,0.021256001045525136
거푸집,흙막이,0.049174516217220895
건물,계단,0.0253570568081546
건물,고리,0.023107369886969834
건물,공사,0.026730109216324363
건물,근로자,0.08245549884293792
건물,낙하,0.020857639926757002
건물,난간,0.027745399519409058
건물,벽체,0.03515666828329651
건물,붕괴,0.022625091575949496
건물,블럭,0.025854168345344493
건물,살수,0.03074172917915619
건물,상부,0.029006876507293836
건물,상태,0.017608485638805477
건물,설치,0.033278690722830205
건물,소형,0.027234094439281036
건물,수평,0.034356055108491254
건물,슬레이트,0.03408658633855392
건물,승강,0.023688456031664806
건물,실행,0.01840627148429525
건물,안전,0.03794887876796161
건물,외부,0.03077880189637802
건물,작업중,0.014423328092273294
건물,좌측,0.01836977492142531
건물,지붕,0.10156315400671509
건물,철거,0.020367413327540027
건물,추락,0.02126817436875846
건물,탈구,0.01840627148429525
건물,토사,0.04416487273336101
건물,하부,0.02069049497917975
건물,횡대,0.03655371194494873
결빙,낙상,0.08099397052376937
결빙,도중,0.08310751574440711
결빙,동작,0.11835355429314054
결빙,부적정,0.11121189489305322
결빙,부주의,0.5469364499477165
결빙,불량,0.08576339722881436
결빙,순서,0.12146177708020614
결빙,원인,0.06964717979512522
결빙,자세,0.09916541767797346
경내,고소,0.0747758526946868
경내,대한,0.04813874076091714
경내,미흡,0.05653681103425495
경내,상태,0.0227122229405019
경내,설치,0.02890454682767705
경내,순서,0.04873946691264189
경내,우물,0.07161472928251128
경내,위험,0.02933012003851781
경내,주변,0.0801285988078437
경내,진행,0.02057206047237792
경내,착용,0.03301820608211295
경내,통제,0.09635532451617325
경내,풍속,0.07161472928251128
경내,환경,0.08432798589377208
경로,고리,0.04802789314409535
경로,라켓,0.12363630799685454
경로,받침,0.06717179089232833
경로,발판,0.04134318092764125
경로,배관,0.10696455412850694
경로,부위,0.055751347900511505
경로,비계,0.0741917159990893
경로,사다리,0.04237836291056641
경로,시스템,0.06495142149736552
경로,음으로,0.12363630799685454
경로,이동,0.08466058493497655
경로,이동식,0.20339362802757108
경로,인계,0.12363630799685454
경로,주형,0.12363630799685454
경로,지지,0.05831711494778136
경로,추락,0.044522416774374074
경로,충돌,0.04829217721018123
경로,협소,0.13264756799193617
계단,고리,0.021672055232526386
계단,공간,0.045160533625273974
계단,과실,0.07245124579401863
계단,관리,0.024592852402254006
계단,교량,0.045635062600351266
계단,근로자,0.10752371669223829
계단,난간,0.03672413431583224
계단,단순,0.08193190794373588
계단,발판,0.030168878021803645
계단,보도,0.03794961143234627
계단,부족,0.02943991881018528
계단,블럭,0.026866381669202317
계단,사다리,0.033651596223835324
계단,상부,0.03691725572160589
계단,상체,0.02944847668727949
계단,수평,0.03596755119688502
계단,슬라브,0.025970926650341095
계단,승강,0.03491575815155376
계단,시스템,0.0331174734977246
계단,신설,0.02944847668727949
계단,실행,0.031396217058962554
계단,외부,0.032913212007317165
계단,요인,0.024044586095827918
계단,인적,0.035932075923853724
계단,자의,0.02842792893536439
계단,자재,0.029909229247139058
계단,작업중,0.02062868733653975
계단,지주,0.03590373918146536
계단,지지,0.026442767709895853
계단,탈구,0.031396217058962554
계단,태자,0.02944847668727949
계단,하부,0.021820173184101677
계단,확보,0.02832273704405639
고리,낙하,0.01631203274745295
고리,난간,0.038673258383944066
고리,라켓,0.031328869070405524
고리,발판,0.019649890200801875
고리,배관,0.0374640564058165
고리,부족,0.021576993477820723
고리,블럭,0.03261066395745985
고리,비계,0.022248512606005313
고리,사다리,0.0255574033685843
고리,살수,0.016210483319040455
고리,상부,0.02349098026462885
고리,상태,0.015441262025444883
고리,설치,0.029771700387432737
고리,소형,0.03546295635777952
고리,수평,0.04214698843996384
고리,승강,0.03157415634002195
고리,시스템,0.04730372229703949
고리,안전,0.06673373698516928
고리,안전모,0.01935193329317017
고리,외부,0.03773284127257739
고리,위험,0.02853589395846581
고리,음으로,0.031328869070405524
고리,이동,0.01929013720906991
고리,이동식,0.07566484381945937
고리,인계,0.031328869070405524
고리,조치,0.01382417134575147
고리,좌측,0.018358541172612736
고리,주형,0.031328869070405524
고리,지지,0.019601772502612833
고리,철거,0.013698730543050066
고리,체인,0.03100399010472437
고리,추락,0.022762012387844966
고리,충돌,0.030549019055187962
고리,하부,0.013368185821700629
고리,협소,0.03979678717153796
고리,확보,0.016064383103313373
고리,횡대,0.04869819251652141
고소,난간,0.03362220660029095
고소,대한,0.06204424319242186
고소,미흡,0.06279206769002053
고소,배관,0.034149516759781555
고소,사이,0.03337722169140954
고소,상태,0.03222775203306119
고소,설치,0.04258807666178383
고소,순서,0.05085397785210521
고소,안전,0.05936730172951117
고소,우물,0.0747758526946868
고소,위험,0.051519364246460676
고소,정리,0.02122332446637892
고소,제거,0.027260431478260204
고소,주변,0.08433211480432008
고소,진행,0.025467345037414456
고소,착용,0.043312424771193334
고소,통제,0.10672474818628572
고소,풍속,0.0747758526946868
고소,환경,0.0880687020048774
골절,공사,0.03226288833726594
골절,늑골,0.0794565100550469
골절,동바리,0.05642291905536385
골절,부상,0.05985272267898042
골절,손가락,0.04168864750502212
골절,손목,0.07895726021544804
골절,오른쪽,0.08026102794571402
골절,왼쪽,0.05585543775952051
골절,우측,0.07186712210946526
골절,작업중,0.029799070969650128
공간,과실,0.08998549526726211
공간,관리,0.03152481094712191
공간,교량,0.018625595675731396
공간,근로자,0.17279859719795998
공간,단순,0.09903919613932892
공간,발판,0.015027909515656355
공간,부족,0.037841427462558634
공간,상부,0.01979543093768959
공간,상체,0.0324800055089395
공간,신설,0.0324800055089395
공간,실행,0.045462396775287794
공간,요인,0.03528829514565627
공간,인적,0.05380951773793619
공간,자의,0.03089716445303132
공간,자재,0.02000512105508045
공간,지주,0.053554987357049215
공간,탈구,0.045462396775287794
공간,태자,0.0324800055089395
공간,확보,0.03661655273215805
공사,낙하,0.02372285150510551
공사,동바리,0.017105521967264697
공사,바닥,0.016643690744650122
공사,벽체,0.04157213290477809
공사,보도,0.015993283849881874
공사,부가,0.017399362899112848
공사,부상,0.024088862116581754
공사,붕괴,0.017106364169466915
공사,빠루,0.01387708474994353
공사,살수,0.016983800589965074
공사,상부,0.023006542266315246
공사,상태,0.024151503530216237
공사,설치,0.0223937756889411
공사,슬라브,0.015729169302923972
공사,슬레이트,0.01643704896338896
공사,시공,0.02617988720904495
공사,안전모,0.01567435530095602
공사,우측,0.01825607139782415
공사,자재,0.010871607593149502
공사,작업중,0.019516326265535556
공사,잔재,0.019478126001751542
공사,적벽,0.023338513157198593
공사,정리,0.013367722647883287
공사,제거,0.01638318918689975
공사,좌측,0.014654404612018248
공사,지붕,0.05575522709148609
공사,철거,0.02180284493581661
공사,추락,0.013201463756521823
공사,코킹,0.014282357236618297
공사,콘크리트,0.035541898665250635
공사,토사,0.022211543646466103
공사,하부,0.01751643709744959
과실,관리,0.07320993854349123
과실,교량,0.08905457325169615
과실,끼임,0.06357202627537811
과실,단순,0.26274382815171543
과실,발판,0.07629590209795062
과실,부족,0.09032895632857
과실,상체,0.13987697757689094
과실,신설,0.13987697757689094
과실,자의,0.13196406841334513
과실,자재,0.05489266980343778
과실,지지,0.052946871228681774
과실,태자,0.13987697757689094
과실,확보,0.07849395987943614
관리,교량,0.013224958913182542
관리,그라인더,0.01511623507179971
관리,근로자,0.09253145987767004
관리,낙하,0.016427850144037293
관리,단순,0.09173401686630306
관리,발판,0.01328158637242597
관리,부족,0.038907665671797514
관리,사망,0.011108970567772863
관리,상부,0.019083632726033098
관리,상체,0.02399027493002089
관리,상태,0.017994588125936267
관리,신설,0.02399027493002089
관리,실행,0.0160648017930575
관리,안전,0.03300541323054283
관리,요인,0.020152095498651802
관리,운반,0.01843317751049712
관리,위험,0.021617830313815093
관리,인적,0.024889183554220432
관리,자의,0.02335925567135625
관리,자재,0.01469278447920613
관리,작업중,0.009637391879615716
관리,조치,0.01571342944002212
관리,지주,0.02327117918333458
관리,착용,0.011920401770225096
관리,철거,0.009715937981129028
관리,탈구,0.0160648017930575
관리,태자,0.02399027493002089
관리,확보,0.027393277285657058
교량,단순,0.12005618198937404
교량,발판,0.019996982384367566
교량,보도,0.02833101240801161
교량,부족,0.02323410017959106
교량,사다리,0.025529032646078014
교량,상체,0.034791653303714865
교량,슬라브,0.01806058162864651
교량,신설,0.034791653303714865
교량,자의,0.029937183147161563
교량,자재,0.016597496062508713
교량,지지,0.022201829345581976
교량,태자,0.034791653303714865
교량,확보,0.015655863835328403
그라인더,동바리,0.01808526583743615
그라인더,발등,0.020079941966318526
그라인더,본인,0.025993321325242562
그라인더,부위,0.01774042704947256
그라인더,사망,0.017912720544652226
그라인더,상태,0.02251460821407418
그라인더,선관,0.022591447620466915
그라인더,어깨,0.04660729293438971
그라인더,왼쪽,0.01761285630446887
그라인더,요인,0.013100614184982944
그라인더,우측,0.014327841674169674
그라인더,작업중,0.011393856136140449
그라인더,제거,0.021823887957628806
그라인더,조치,0.016839199379492086
그라인더,좌측,0.01452050736373872
그라인더,착용,0.014030996160923433
그라인더,하부,0.016441097820168796
근로자,실행,0.19702646307417587
근로자,요인,0.1677081297152249
근로자,인적,0.20445366047546445
근로자,자재,0.06752387364692729
근로자,지주,0.20402144658573787
근로자,탈구,0.19702646307417587
근로자,확보,0.10067662100225488
끼임,난간,0.02961393921107721
끼임,단순,0.07879965419135598
끼임,동바리,0.019195090922767784
끼임,러그,0.030991481773120003
끼임,발판,0.017237678082588363
끼임,볼트,0.016644771930637098
끼임,부상,0.018424274671865096
끼임,빠루,0.019968952843060505
끼임,사이,0.04455580150805875
끼임,상부,0.020042720809234176
끼임,상체,0.023327034335715816
끼임,새끼손가락,0.02992463339874012
끼임,설치,0.0195858906152121
끼임,소형,0.024354692531751182
끼임,손가락,0.038904047450296644
끼임,손목,0.017525462178315142
끼임,수평,0.038362949326169196
끼임,슬라브,0.014647544765609222
끼임,승강,0.020172046056583917
끼임,시스템,0.025613989896683127
끼임,신설,0.023327034335715816
끼임,엄지손가락,0.03333724453780454
끼임,외부,0.04018253960661593
끼임,왼손,0.047872543841428354
끼임,우측,0.016940364783145298
끼임,운반,0.018699593733217102
끼임,자의,0.02176669283559518
끼임,자재,0.015293815687065216
끼임,작업중,0.018157787777637928
끼임,정리,0.017112747019857367
끼임,제거,0.01676388700243357
끼임,좌측,0.021632571128736847
끼임,철거,0.013513682804740846
끼임,태자,0.023327034335715816
끼임,하부,0.014597327388940595
끼임,횡대,0.03953804630323899
나무,대상,0.1080684139591139
나무,목재,0.2280303925546542
나무,벌목,0.12981570300189446
나무,선별,0.12047537213023328
나무,손목,0.05427865385272275
나무,수목,0.17941543824017517
나무,슬라브,0.0559564893240277
나무,아웃,0.14897847717855137
나무,운반,0.05991129216434725
나무,작업중,0.04087238077664771
나무,제거,0.05084254837506831
나무,트리,0.14897847717855137
나무,하부,0.0448098977742239
낙상,도중,0.05873574731222932
낙상,동작,0.07939130928931315
낙상,바닥,0.023411901605104844
낙상,볼트,0.021048251427297764
낙상,부적정,0.07413167438227929
낙상,부주의,0.4400887592626195
낙상,불량,0.0614882412124765
낙상,붕괴,0.022012830264657557
낙상,사다리,0.02614037059749631
낙상,상부,0.02966367869779204
낙상,순서,0.08486694623927482
낙상,원인,0.04211186144696684
낙상,자세,0.06678067677597883
낙상,철거,0.02092983570410425
낙상,추락,0.020710350937328828
낙상,충돌,0.03700530760232398
낙상,하층,0.02998209878892289
낙하,대상,0.021509443200936618
낙하,동바리,0.016849573109579123
낙하,물의,0.032150123124542324
낙하,물이,0.07261030996985646
낙하,발기,0.03384117112281401
낙하,발등,0.015911456279967887
낙하,발판,0.016751705627162612
낙하,배관,0.02957115909060074
낙하,벽체,0.04148106221394715
낙하,부상,0.02246893187898171
낙하,부위,0.027813611606679913
낙하,부족,0.027133826083606895
낙하,붕괴,0.016606019902160707
낙하,비계,0.021179413121163965
낙하,빗물,0.03309567658903261
낙하,사망,0.019077646133843988
낙하,상부,0.023482319907908028
낙하,상태,0.018190409291385295
낙하,시공,0.017845315308824383
낙하,시스템,0.03278689338283692
낙하,안전,0.03564524998467366
낙하,안전모,0.0346137403980624
낙하,우측,0.020262974362984718
낙하,이동,0.01323259293995261
낙하,이동식,0.05562297537111946
낙하,자재,0.013076349650520678
낙하,작업중,0.023595254701980924
낙하,잔재,0.03601359855409727
낙하,잔해,0.04128926584085627
낙하,적벽,0.017531343173850873
낙하,제거,0.0219357781734627
낙하,조치,0.018157346210094773
낙하,좌측,0.019671647339222983
낙하,철거,0.024967757528347782
낙하,추락,0.016480854251782535
낙하,콘크리트,0.03490641283676886
낙하,하부,0.030231035854966344
낙하,호수,0.04838223579234528
낙하,확보,0.0239731783505474
난간,동바리,0.029787478525542446
난간,발등,0.038935773213996286
난간,발판,0.026392528208843493
난간,배관,0.03615681717294046
난간,블럭,0.06484232792908673
난간,비계,0.022953854513580847
난간,상부,0.03707888659505367
난간,설치,0.040719131650696294
난간,소형,0.08220737521803341
난간,수평,0.09360234485512181
난간,승강,0.0733301225034679
난간,시스템,0.06906343343265081
난간,안전,0.06658857122739671
난간,안전모,0.03865916555687765
난간,외부,0.08034855920909434
난간,좌측,0.04628217728504719
난간,철거,0.023473773071236572
난간,체인,0.06629474052841808
난간,추락,0.025710009987221512
난간,충돌,0.039147629764597965
난간,하부,0.03477399294378745
난간,횡대,0.10517133935324008
늑골,동바리,0.01786659526215498
늑골,부상,0.018881280193946595
늑골,손가락,0.017283548870269807
늑골,손목,0.03081969044480673
늑골,오른쪽,0.029664218261923895
늑골,왼쪽,0.01791757782983406
늑골,우측,0.024036587190255372
늑골,정리,0.009471901855160279
단순,발판,0.10471742826362493
단순,부족,0.11562199905251574
단순,상체,0.18523008502091856
단순,신설,0.18523008502091856
단순,자의,0.17627665958648242
단순,자재,0.06554318080412663
단순,지지,0.07227092927685719
단순,태자,0.18523008502091856
단순,확보,0.09793768261241342
대상,목재,0.1328037377067963
대상,물의,0.030604449636139713
대상,물이,0.07856499039987759
대상,발기,0.025371532312211943
대상,벌목,0.052406119874802155
대상,빗물,0.03155803090903722
대상,사망,0.0170622755853402
대상,선별,0.043531913577672464
대상,손목,0.019643884513540058
대상,수목,0.0922045964810334
대상,슬라브,0.02796358847820734
대상,아웃,0.06725272878991699
대상,안전모,0.024853162859927905
대상,운반,0.0229095090660888
대상,작업중,0.021411671092281193
대상,잔재,0.02851538295406872
대상,잔해,0.037656127745004264
대상,제거,0.023413685055318784
대상,철거,0.023100677892130522
대상,트리,0.06725272878991699
대상,하부,0.026311465605349065
대상,호수,0.04417190012786853
대한,미흡,0.03839101167343704
대한,부족,0.023568073081319477
대한,상태,0.025298983634389958
대한,설치,0.028881939250403096
대한,순서,0.039213109407590395
대한,안전,0.06229550401731684
대한,우물,0.04813874076091714
대한,위험,0.0484812941808648
대한,제거,0.017924974127550692
대한,조치,0.015663755364357317
대한,주변,0.05972614824536415
대한,진행,0.01641348423660788
대한,착용,0.02794001340069079
대한,통제,0.07692945858258811
대한,풍속,0.04813874076091714
대한,확보,0.016694138258727894
대한,환경,0.06235219516560506
도중,동작,0.08509693128413605
도중,부적정,0.07833234104409777
도중,부주의,0.48560182130441737
도중,불량,0.06306797345419134
도중,순서,0.09124452050425054
도중,원인,0.04008426006911131
도중,자세,0.06847248022871458
도중,정리,0.015815716198482828
동바리,바닥,0.013958012099245656
동바리,발등,0.028159214410175507
동바리,벽체,0.024222487009497605
동바리,본인,0.02496963363156443
동바리,볼트,0.016051172565276745
동바리,부가,0.014486402896331638
동바리,부상,0.02867513107372476
동바리,부위,0.01710221979423932
동바리,블럭,0.020072387583821915
동바리,비계,0.01068908230938619
동바리,빠루,0.020630079978318783
동바리,상부,0.02027108305395089
동바리,상태,0.0139903916994807
동바리,선관,0.01940667056160046
동바리,손가락,0.021685334059250508
동바리,손목,0.02540242444960934
동바리,수평,0.02981560767202196
동바리,승강,0.018412560910110985
동바리,시스템,0.03455925235035555
동바리,어깨,0.04326611653175736
동바리,오른쪽,0.0225777640000646
동바리,외부,0.029444753227926827
동바리,왼쪽,0.031290000663315415
동바리,우측,0.032076849665239944
동바리,자재,0.012641480847888659
동바리,작업중,0.01754098454208357
동바리,정리,0.015343914207761484
동바리,제거,0.023065732546049558
동바리,좌측,0.030921832499875755
동바리,철거,0.01655842595238587
동바리,체인,0.020841724680423435
동바리,코킹,0.013373153372149423
동바리,튀어,0.014292484683334635
동바리,하부,0.01982698981361146
동바리,횡대,0.03140712900449944
동작,부적정,0.1132497864035077
동작,부주의,0.5555990299726851
동작,불량,0.08768403648105602
동작,순서,0.12258067398019766
동작,원인,0.06826904220753661
동작,자세,0.10178981565348094
라켓,받침,0.04762225336120034
라켓,발판,0.025463593756443755
라켓,배관,0.07737849562225627
라켓,부위,0.03626343432226095
라켓,비계,0.04615039039307813
라켓,사다리,0.029170199560671416
라켓,시스템,0.04682966499566901
라켓,음으로,0.08900687782254973
라켓,이동,0.051663055250016444
라켓,이동식,0.16918655086249387
라켓,인계,0.08900687782254973
라켓,주형,0.08900687782254973
라켓,지지,0.03709060590532367
라켓,추락,0.027184632718251067
라켓,충돌,0.03537333620122503
라켓,협소,0.09995558962574386
러그,사이,0.058376889065575796
러그,새끼손가락,0.0477636038806528
러그,손가락,0.05192477345234214
러그,엄지손가락,0.050324332027556845
러그,왼손,0.06542658796307413
러그,작업중,0.015931244157067648
러그,정리,0.022320601070836325
목재,벌목,0.15989921018152328
목재,사이,0.06358332471274564
목재,선별,0.1511720465751639
목재,손목,0.0709938026039267
목재,수목,0.21017721921527074
목재,슬라브,0.07314113275420588
목재,아웃,0.17960670234423448
목재,운반,0.07622036503451707
목재,작업중,0.055623476726068384
목재,제거,0.06587043725101242
목재,트리,0.17960670234423448
목재,하부,0.05791158534330067
물의,물이,0.10517906530611479
물의,발기,0.03775382778591807
물의,붕괴,0.017378844913224202
물의,빗물,0.04744669430131129
물의,사망,0.024299509534997252
물의,안전모,0.03693484686024604
물의,작업중,0.012702334436064
물의,잔재,0.04280266268096233
물의,잔해,0.05818279833904687
물의,조치,0.017752855172397015
물의,철거,0.017306679027711342
물의,하부,0.016620776095693138
물의,호수,0.06965801498740684
물이,발기,0.09215082708239673
물이,빗물,0.11132596776376377
물이,사망,0.06143023699121109
물이,슬라브,0.03999267287502147
물이,안전모,0.08617974174941839
물이,작업중,0.036726909545198826
물이,잔재,0.10166156671600408
물이,잔해,0.12186214283024865
물이,조치,0.044238066976938016
물이,철거,0.04532462449147314
물이,하부,0.04515131036030262
물이,호수,0.1338907432386663
미흡,상태,0.019591237789630903
미흡,설치,0.024329321156756387
미흡,순서,0.04317401137425981
미흡,안전,0.034120152748897986
미흡,우물,0.05653681103425495
미흡,위험,0.02890158874191239
미흡,제거,0.01638300795311159
미흡,주변,0.06783872232762204
미흡,진행,0.015732918645706702
미흡,착용,0.024759879035301392
미흡,통제,0.08354637720171912
미흡,풍속,0.05653681103425495
미흡,환경,0.07015558991714609
바닥,받침,0.03177334715456481
바닥,벽체,0.027151215969799285
바닥,볼트,0.021967124225152544
바닥,부상,0.014824761975001722
바닥,붕괴,0.01872010723945651
바닥,사다리,0.02604911821746584
바닥,상부,0.028356282371327143
바닥,상태,0.012220588609755343
바닥,설치,0.016728909679794478
바닥,순간,0.03768835347824848
바닥,슬라브,0.01278599824251042
바닥,야적,0.017823577017300828
바닥,우측,0.013779142329055732
바닥,운반,0.02114781740760059
바닥,자재,0.011389281905021129
바닥,작업중,0.013419374708459072
바닥,적재,0.03222954225716374
바닥,정리,0.010141744844672075
바닥,제거,0.021677228790808634
바닥,좌측,0.01572672978725759
바닥,지지,0.0131497546526963
바닥,진행,0.017663582520730112
바닥,차량,0.022835450924295845
바닥,철거,0.018676886740858812
바닥,추락,0.014668521421146866
바닥,충돌,0.04165818012797045
바닥,컨테이너,0.017823577017300828
바닥,튀어,0.02066424784353133
바닥,트럭,0.025097559661567632
바닥,폐기물,0.04453186855009336
바닥,하부,0.014692354121246726
바닥,하층,0.03374040221444022
바닥,흙막이,0.07236854452604716
받침,배관,0.04269455819628609
받침,볼트,0.03498877542607121
받침,붕괴,0.03209818531602254
받침,비계,0.028127732264672807
받침,사다리,0.04863602095624222
받침,상부,0.025486360215125778
받침,순간,0.061444980320256554
받침,음으로,0.04762225336120034
받침,이동,0.027916059063533224
받침,이동식,0.09355303962320455
받침,인계,0.04762225336120034
받침,주형,0.04762225336120034
받침,지지,0.03970760984079736
받침,진행,0.03394735448983394
받침,추락,0.03557308108181521
받침,충돌,0.07624543846285786
받침,튀어,0.03266055274975108
받침,하층,0.054123072571365706
받침,협소,0.05466383095857425
받침,흙막이,0.10743062398640273
발기,발등,0.017112964634047864
발기,본인,0.02159045949926787
발기,빗물,0.041569604269313526
발기,사망,0.01886048713328565
발기,선관,0.023526118734040643
발기,안전모,0.03075440692835925
발기,어깨,0.0452084300789126
발기,우측,0.018070563172553768
발기,작업중,0.014547937587988979
발기,잔재,0.03750081592662914
발기,잔해,0.05070376033854
발기,제거,0.018861949017487816
발기,조치,0.013522046704030854
발기,철거,0.016814563509895394
발기,하부,0.020792110007967792
발기,호수,0.06102967045129603
발등,본인,0.03279452715025747
발등,볼트,0.015377649091974335
발등,부상,0.01700265779656276
발등,부위,0.019040204972060833
발등,블럭,0.025624533148235575
발등,빠루,0.014345188430245896
발등,상부,0.01690702878114346
발등,선관,0.032267684818270456
발등,소형,0.03484459702139011
발등,수평,0.04066760180379158
발등,승강,0.02873141584154641
발등,시스템,0.04350058442809578
발등,어깨,0.06550943107993273
발등,외부,0.03316837001011806
발등,왼쪽,0.02850336399423607
발등,우측,0.021578823949385196
발등,작업중,0.011368340413422764
발등,제거,0.02330709435617938
발등,좌측,0.03440169611070524
발등,철거,0.01371905062277096
발등,체인,0.027018216795989723
발등,하부,0.021657425841170842
발등,횡대,0.048266682056604844
발판,배관,0.031015763453380762
발판,부위,0.01150350938502159
발판,부족,0.02253584856844725
발판,블럭,0.020947593680241863
발판,비계,0.014853871822584548
발판,사다리,0.01859975203071274
발판,상부,0.0200541429427621
발판,상체,0.026162535374608737
발판,설치,0.01570715935692801
발판,소형,0.02162728038575658
발판,수평,0.027584481921569315
발판,슬라브,0.009934256450882056
발판,승강,0.019967924068097446
발판,시스템,0.03510589440512718
발판,신설,0.026162535374608737
발판,안전모,0.012710141058344246
발판,외부,0.02729125226100537
발판,운반,0.01968893681052229
발판,음으로,0.025463593756443755
발판,이동,0.012384732848132308
발판,이동식,0.06776756289548104
발판,인계,0.025463593756443755
발판,자의,0.023104846226846193
발판,자재,0.011890575812638948
발판,좌측,0.012469742332527218
발판,주형,0.025463593756443755
발판,지지,0.019611150668743714
발판,철거,0.011584491608594214
발판,체인,0.020715698571935056
발판,추락,0.013269291892494067
발판,충돌,0.023020606953818575
발판,태자,0.026162535374608737
발판,하부,0.0116748270377239
발판,협소,0.04695034234759988
발판,확보,0.01502982961464092
발판,횡대,0.03125284942670733
배관,부위,0.03881720555740431
배관,비계,0.05068905160062712
배관,사이,0.05131342328340617
배관,시스템,0.06419492485723402
배관,음으로,0.07737849562225627
배관,이동,0.04933601203092586
배관,이동식,0.14930069062783796
배관,인계,0.07737849562225627
배관,주형,0.07737849562225627
배관,지지,0.03362699323863267
배관,추락,0.033684906110848
배관,충돌,0.04192005192954065
배관,통제,0.04328630422182236
배관,협소,0.08716616854566041
벌목,선별,0.05454583784911643
벌목,손목,0.026790282564492226
벌목,수목,0.1124585242344069
벌목,슬라브,0.0233552180265732
벌목,아웃,0.08276081231669963
벌목,운반,0.02833504848612046
벌목,작업중,0.018687822223705488
벌목,제거,0.02903552305765479
벌목,트리,0.08276081231669963
벌목,하부,0.022836788811997386
벽체,부위,0.045372013278493314
벽체,붕괴,0.026122598744358485
벽체,비계,0.022050697632635716
벽체,상부,0.0373734230472214
벽체,시공,0.05463074777918088
벽체,어깨,0.041413217942532186
벽체,작업중,0.03466222350657812
벽체,적벽,0.05502930906267891
벽체,제거,0.03610815696778105
벽체,좌측,0.029579188009040247
벽체,철거,0.03188569050170878
벽체,추락,0.02143058772511534
벽체,콘크리트,0.06947666765535708
벽체,하부,0.03975432607021386
보도,사다리,0.03388355634809645
보도,슬라브,0.023541307929455652
보도,시공,0.013862136993591189
보도,자재,0.010776620977672504
보도,정리,0.012895377672093172
보도,지지,0.015524426357506735
본인,부상,0.021734912078902147
본인,부위,0.02331893137770753
본인,빠루,0.021942347725838033
본인,선관,0.040748489679771245
본인,어깨,0.08069415484664814
본인,왼쪽,0.03379718577903964
본인,우측,0.02252449162723486
본인,작업중,0.013359656209363047
본인,제거,0.028796508714235464
본인,좌측,0.02565002802008976
본인,튀어,0.016665199392821375
본인,하부,0.015961412299192065
볼트,부가,0.015409771395617796
볼트,부상,0.016342123376265
볼트,붕괴,0.022755985706900024
볼트,빠루,0.01759273309380725
볼트,사다리,0.021844166970031952
볼트,상부,0.024093961850441985
볼트,순간,0.04745875455432488
볼트,왼쪽,0.014629210864845112
볼트,제거,0.02187517933987022
볼트,좌측,0.018925998394187054
볼트,지지,0.012681472155860718
볼트,진행,0.021929435584594186
볼트,철거,0.014765044414004126
볼트,추락,0.016947981456541597
볼트,충돌,0.05373325603005162
볼트,코킹,0.014755866479861471
볼트,튀어,0.02978075363525323
볼트,하층,0.036335913338630045
볼트,흙막이,0.08653749201124
부가,부상,0.029359078934733853
부가,빠루,0.03005351491881549
부가,왼쪽,0.017829098950948634
부가,코킹,0.03642664438282855
부가,튀어,0.023051685856130877
부상,빠루,0.029252452467378863
부상,손목,0.030790268102221286
부상,오른쪽,0.02069414234868586
부상,왼쪽,0.033802598928981485
부상,우측,0.034397822146470566
부상,작업중,0.02246309275542997
부상,정리,0.012738973322010289
부상,제거,0.023734197248601346
부상,좌측,0.016690620741456327
부상,철거,0.017878763366197287
부상,코킹,0.028384075060280723
부상,튀어,0.022239299670739933
부상,하부,0.017208693375425604
부위,비계,0.024962635186062333
부위,사다리,0.02007562784166479
부위,상부,0.01581631395501125
부위,선관,0.023917534304476813
부위,시공,0.01749063515818128
부위,시스템,0.035034088820020286
부위,어깨,0.05107434436545096
부위,왼쪽,0.01748165093520308
부위,우측,0.01503718521862679
부위,음으로,0.03626343432226095
부위,이동,0.01935849558712586
부위,이동식,0.08544689195712861
부위,인계,0.03626343432226095
부위,자재,0.011935282089502518
부위,작업중,0.01665724952961962
부위,적벽,0.016320535875599097
부위,제거,0.02138980089401963
부위,좌측,0.019803355114029565
부위,주형,0.03626343432226095
부위,지지,0.01663465520432371
부위,철거,0.012121318650791845
부위,추락,0.014437302564982496
부위,콘크리트,0.0280251138379147
부위,하부,0.02010233321927854
부위,협소,0.04379594245525866
부적정,부주의,0.53660799492065
부적정,불량,0.08189107506139251
부적정,순서,0.11564895854235252
부적정,원인,0.06294529483261813
부적정,자세,0.09527017076564023
부족,상체,0.038797087160810845
부족,신설,0.038797087160810845
부족,안전,0.06245451529440668
부족,위험,0.04962986249013227
부족,자의,0.04018263152212521
부족,자재,0.0169068745395768
부족,조치,0.02667060816061646
부족,지지,0.0185503565840465
부족,태자,0.038797087160810845
부족,확보,0.053535260197388045
부주의,불량,0.49871958795655885
부주의,순서,0.5399891239053687
부주의,원인,0.48251742011672605
부주의,자세,0.5288604643119698
불량,순서,0.09389087702325118
불량,원인,0.04481828907780435
불량,자세,0.07361701720201234
붕괴,사다리,0.018670535173734275
붕괴,살수,0.017476487735805617
붕괴,상부,0.020079158960108315
붕괴,설치,0.016575590285307168
붕괴,순간,0.03825218134351483
붕괴,슬레이트,0.019638090271901977
붕괴,제거,0.015209552360863859
붕괴,지붕,0.06962864112511123
붕괴,지지,0.013969474786346754
붕괴,진행,0.01757884305254889
붕괴,철거,0.017095953346807368
붕괴,추락,0.0170932957554666
붕괴,충돌,0.042174504300697364
붕괴,토사,0.027086899094540415
붕괴,튀어,0.017123688301166888
붕괴,하층,0.039325522468176125
붕괴,흙막이,0.08019316334806405
블럭,상부,0.03792224126830629
블럭,설치,0.027632092735186173
블럭,소형,0.06889205361880821
블럭,수평,0.07704820180765604
블럭,승강,0.05915032417677349
블럭,시스템,0.051647202502020095
블럭,안전,0.041416005999739436
블럭,안전모,0.023473248970283692
블럭,야적,0.02950906331455368
블럭,외부,0.07149419341339185
블럭,적재,0.040534570285568186
블럭,좌측,0.03930766654747603
블럭,차량,0.03182317664796538
블럭,철거,0.020756331513704873
블럭,체인,0.06873807198212434
블럭,추락,0.0208512827274968
블럭,충돌,0.031630238514005406
블럭,컨테이너,0.02950906331455368
블럭,트럭,0.03663507929095036
블럭,폐기물,0.054977912167018646
블럭,하부,0.02305998021455443
블럭,횡대,0.09007851392769001
비계,사다리,0.022956648205694135
비계,사이,0.0261742291341265
비계,상부,0.01640949425538521
비계,시스템,0.045016562177455074
비계,외부,0.022438359318503878
비계,음으로,0.04615039039307813
비계,이동,0.020402555509779912
비계,이동식,0.11634183741405987
비계,인계,0.04615039039307813
비계,작업중,0.009727582356934014
비계,좌측,0.013913949184770697
비계,주형,0.04615039039307813
비계,지지,0.01878610844952579
비계,철거,0.009520836870801526
비계,추락,0.01659844116277428
비계,충돌,0.03389579194937388
비계,하부,0.012841482415377073
비계,협소,0.05704112538593087
빗물,사망,0.02415839678140916
빗물,안전모,0.03867161584403491
빗물,잔재,0.04695377550859779
빗물,잔해,0.06271247643003806
빗물,조치,0.017329682289871657
빗물,철거,0.015670548045915177
빗물,하부,0.016225545644375748
빗물,호수,0.07484412979520441
빠루,손가락,0.025672679624226133
빠루,엄지손가락,0.01572882061050216
빠루,왼쪽,0.02464772290974209
빠루,우측,0.021411219079408197
빠루,작업중,0.013947710132724469
빠루,정리,0.012982442854965966
빠루,제거,0.017668646153751497
빠루,좌측,0.015953954267654856
빠루,코킹,0.02865719976850428
빠루,튀어,0.021160504664101177
사다리,상부,0.02502916149896199
사다리,순간,0.03944678251306891
사다리,슬라브,0.025042099117858596
사다리,음으로,0.029170199560671416
사다리,이동,0.018134312971943352
사다리,이동식,0.06511049514704326
사다리,인계,0.029170199560671416
사다리,정리,0.016161339799376066
사다리,주형,0.029170199560671416
사다리,지지,0.03933519963233141
사다리,진행,0.024342655729441214
사다리,추락,0.025142830929610407
사다리,충돌,0.04840513919912104
사다리,튀어,0.020645037668801207
사다리,하층,0.04261613166980538
사다리,협소,0.0352687255209563
사다리,흙막이,0.06888899284624939
사망,상태,0.021226206382181288
사망,안전모,0.021999736215684705
사망,요인,0.011013874309733123
사망,잔재,0.02172946052610437
사망,잔해,0.032901137834932245
사망,조치,0.019745701676277785
사망,진행,0.010755856595153455
사망,착용,0.010129681620888089
사망,철거,0.009787372055626702
사망,하부,0.013486424369810322
사망,호수,0.03847379401161272
사이,새끼손가락,0.055625124119947036
사이,설치,0.0318587001466176
사이,손가락,0.06040899459606334
사이,슬라브,0.028312153394785086
사이,엄지손가락,0.05887895162644405
사이,왼손,0.07788635338753037
사이,이동,0.020915812286129803
사이,작업중,0.032217532426679296
사이,정리,0.037621610871581945
사이,제거,0.03041209536622287
사이,착용,0.022549393199426122
살수,상태,0.019945300546531687
살수,설치,0.029735914900182382
살수,슬레이트,0.03198945390008254
살수,안전,0.03696829708305037
살수,지붕,0.1156529612755854
살수,착용,0.011481496671191067
살수,철거,0.012387195264348073
살수,추락,0.012069547673063463
살수,토사,0.04439065304789697
상부,상태,0.016602246635117945
상부,설치,0.03004947779528606
상부,소형,0.031012313231959205
상부,수평,0.04180125546117893
상부,순간,0.0263667913572385
상부,슬라브,0.01581450865981532
상부,승강,0.02897461524358452
상부,시스템,0.033229225427380715
상부,안전,0.037929136596170726
상부,안전모,0.019002116279697813
상부,야적,0.025792201382895532
상부,외부,0.0470635085929056
상부,운반,0.029273066768243827
상부,자재,0.023885631449702144
상부,작업중,0.02140287787605897
상부,적재,0.04159484204632217
상부,정리,0.016883510319348725
상부,제거,0.021469879577929712
상부,좌측,0.029899619386434526
상부,지지,0.01795513631227912
상부,진행,0.015555868109803847
상부,차량,0.030578094549583983
상부,철거,0.028408302794433102
상부,체인,0.03693268133539476
상부,추락,0.025035414318562894
상부,충돌,0.04201496379850677
상부,컨테이너,0.025792201382895532
상부,튀어,0.015141707552153707
상부,트럭,0.034092521415065184
상부,폐기물,0.056822214711094866
상부,하부,0.02683937556249948
상부,하층,0.02797177054345398
상부,횡대,0.04353855018721588
상부,흙막이,0.04781536045125427
상체,신설,0.06108315144684786
상체,자의,0.05338728899575195
상체,자재,0.01619341146668237
상체,지지,0.019581141633815437
상체,태자,0.06108315144684786
상체,확보,0.028376276139301562
상태,설치,0.03601181738815753
상태,슬라브,0.019148169481298865
상태,안전,0.04081873327765922
상태,안전모,0.01733630490761452
상태,우물,0.0227122229405019
상태,위험,0.02395358626184253
상태,작업중,0.01735645194479513
상태,정리,0.013303816457667492
상태,제거,0.022645053173294127
상태,조치,0.0221842328649531
상태,주변,0.03879631031198581
상태,진행,0.0205036749596008
상태,착용,0.029360219635010818
상태,철거,0.01713872617575077
상태,추락,0.013266301762983325
상태,통제,0.03947455437982207
상태,풍속,0.0227122229405019
상태,하부,0.016440214107169147
상태,환경,0.03466085406034461
새끼손가락,손가락,0.05153462686131977
새끼손가락,엄지손가락,0.048929429984952214
새끼손가락,왼손,0.06372944483856596
새끼손가락,작업중,0.01662226910226362
새끼손가락,정리,0.021494344959839765
선관,어깨,0.08585210202784228
선관,왼쪽,0.02873338600857983
선관,우측,0.01808261476701793
선관,제거,0.025808332032132317
선관,좌측,0.02449307342619101
선관,하부,0.015108184671688311
선별,손목,0.019672836059640472
선별,수목,0.10270949304407524
선별,슬라브,0.017876012498485652
선별,아웃,0.07242223777002242
선별,운반,0.022808950645219074
선별,제거,0.01772341853491819
선별,트리,0.07242223777002242
선별,하부,0.014506204856407946
설치,수평,0.03239795547245163
설치,슬라브,0.025044687360497912
설치,슬레이트,0.02793879972336012
설치,승강,0.023174112620610584
설치,안전,0.06555451487137061
설치,안전모,0.020734971854195986
설치,외부,0.035674751220527844
설치,우물,0.02890454682767705
설치,위험,0.02955339023702596
설치,작업중,0.022896136551476404
설치,정리,0.020375819922967556
설치,제거,0.028524735019792684
설치,조치,0.01519337422572021
설치,좌측,0.02017665490560649
설치,주변,0.04182386715039325
설치,지붕,0.07969350451384506
설치,진행,0.015721827556792276
설치,착용,0.03048716005069985
설치,철거,0.025868909554296198
설치,추락,0.023365096709908592
설치,토사,0.03566824498809778
설치,통제,0.04677754615290326
설치,풍속,0.02890454682767705
설치,하부,0.022722783645735267
설치,환경,0.038235335137415796
소형,수평,0.09764698797952862
소형,승강,0.07641324172743291
소형,시스템,0.06621457955984594
소형,안전,0.04699871732925901
소형,안전모,0.030682001043286142
소형,외부,0.08065122179564829
소형,좌측,0.041513103228562706
소형,체인,0.07165316208965182
소형,추락,0.02052499044290679
소형,충돌,0.0400085426860686
소형,하부,0.026769911125298414
소형,횡대,0.11328810926103697
손가락,손목,0.01960723871827008
손가락,엄지손가락,0.05673492380461787
손가락,오른쪽,0.01873296077617796
손가락,왼손,0.0699812158944037
손가락,우측,0.02668122570749973
손가락,작업중,0.023118958872360318
손가락,정리,0.029191916167858406
손목,수목,0.04628457313218264
손목,슬라브,0.015260142791518628
손목,아웃,0.03329946983492554
손목,오른쪽,0.032636055780684674
손목,왼쪽,0.027781960756737237
손목,우측,0.03172569544429252
손목,운반,0.019771489841681738
손목,작업중,0.017825935466748464
손목,정리,0.011865323167810598
손목,제거,0.02104973141059529
손목,철거,0.012594362662669474
손목,트리,0.03329946983492554
수목,슬라브,0.04615367785988645
수목,아웃,0.13136856013470719
수목,운반,0.051344952660580784
수목,제거,0.04184673925562481
수목,트리,0.13136856013470719
수목,하부,0.03700474109945971
수평,승강,0.08604837127473228
수평,시스템,0.07477295538546531
수평,안전,0.05162350298955553
수평,안전모,0.0368990653200923
수평,외부,0.09716789400482255
수평,좌측,0.054050045976162496
수평,체인,0.07940212922202296
수평,추락,0.026688915421032737
수평,충돌,0.0453266274796502
수평,하부,0.03744139473606035
수평,횡대,0.12367009871976485
순간,제거,0.0300094553246554
순간,지지,0.02360604646089329
순간,진행,0.040803755319281466
순간,추락,0.02426236089320923
순간,충돌,0.06927872202595739
순간,튀어,0.04604777764991536
순간,하층,0.06391390943738565
순간,흙막이,0.1280635662563367
순서,우물,0.04873946691264189
순서,원인,0.07709139633299998
순서,자세,0.10619756092757507
순서,주변,0.059095010150548806
순서,통제,0.05940984954023909
순서,풍속,0.04873946691264189
순서,환경,0.05532534923789334
슬라브,아웃,0.03542908155890818
슬라브,왼손,0.02213379540512409
슬라브,운반,0.016919979521862496
슬라브,자재,0.011703592863804428
슬라브,작업중,0.02074045380661368
슬라브,정리,0.01512044091286805
슬라브,제거,0.018888015457075864
슬라브,조치,0.011028173389957223
슬라브,지지,0.011495894240598008
슬라브,철거,0.014787671343506064
슬라브,트리,0.03542908155890818
슬라브,하부,0.016028797626115487
슬레이트,지붕,0.12376879224612657
슬레이트,철거,0.011609193292584127
슬레이트,추락,0.011989002728891031
슬레이트,토사,0.04899603218872436
승강,시스템,0.05791178914971428
승강,안전,0.043159893239704004
승강,안전모,0.025502109609648396
승강,외부,0.07119027912842056
승강,좌측,0.034680217709053995
승강,체인,0.0604678513587195
승강,추락,0.01742216359105975
승강,충돌,0.03458223422087177
승강,하부,0.022812109312031568
승강,횡대,0.09996764605469508
시공,적벽,0.034242670449917606
시공,철거,0.011688045926739509
시공,콘크리트,0.046748866355241496
시공,하부,0.014734909613115769
시스템,안전,0.04697592448912675
시스템,안전모,0.03077721291589404
시스템,외부,0.06383857898585146
시스템,음으로,0.04682966499566901
시스템,이동,0.03830078485338557
시스템,이동식,0.09249607399669975
시스템,인계,0.04682966499566901
시스템,좌측,0.04480758754253229
시스템,주형,0.04682966499566901
시스템,지지,0.02269259499488161
시스템,철거,0.021986116622532265
시스템,체인,0.05347482296818731
시스템,추락,0.034463572453016754
시스템,충돌,0.05143882909660788
시스템,하부,0.03430058029844712
시스템,협소,0.053443517525315974
시스템,횡대,0.08496261592695158
신설,자의,0.05338728899575195
신설,자재,0.01619341146668237
신설,지지,0.019581141633815437
신설,태자,0.06108315144684786
신설,확보,0.028376276139301562
실행,요인,0.03473189487416689
실행,인적,0.05715507329400605
실행,지주,0.05710999967812167
실행,탈구,0.047926780365988325
실행,확보,0.01946738695181831
아웃,운반,0.037448981084234445
아웃,작업중,0.023634251627212798
아웃,제거,0.030074050589597275
아웃,트리,0.1017498299807793
아웃,하부,0.025991835230106793
안전,안전모,0.05253369317112486
안전,외부,0.04905761460266547
안전,위험,0.0920920134496297
안전,조치,0.046815554788039365
안전,착용,0.04407052435829924
안전,철거,0.03306905904306764
안전,체인,0.03880733550647697
안전,추락,0.03839158317747842
안전,통제,0.052544240929632835
안전,확보,0.05372212548954672
안전,횡대,0.057092453748496134
안전모,외부,0.030869568456772207
안전모,위험,0.023220524052467835
안전모,작업중,0.01439230162197698
안전모,잔재,0.036742785746621924
안전모,잔해,0.04820379586851141
안전모,조치,0.021609852135529774
안전모,철거,0.021387839244785274
안전모,체인,0.023949020151588354
안전모,추락,0.011916917812646966
안전모,하부,0.02436103190379647
안전모,호수,0.057248623789987435
안전모,확보,0.01747998387704097
안전모,횡대,0.0419036303435659
야적,운반,0.04085777147856434
야적,자재,0.026402937643986733
야적,적재,0.08784861172023543
야적,차량,0.06861430196289893
야적,철거,0.015917277158285486
야적,체인,0.030862888617021113
야적,컨테이너,0.06366692277335036
야적,트럭,0.07930133673108013
야적,폐기물,0.11755311893833094
어깨,왼쪽,0.05947486085697916
어깨,우측,0.03853292127116001
어깨,제거,0.0526921589912206
어깨,좌측,0.050442103415931416
어깨,하부,0.0345713613547431
엄지손가락,왼손,0.06789522266002365
엄지손가락,우측,0.020008755050071714
엄지손가락,작업중,0.019055954686338396
엄지손가락,정리,0.024994699182239705
오른쪽,왼쪽,0.020600388124491265
오른쪽,우측,0.02999978937303563
오른쪽,운반,0.02037368593336713
오른쪽,정리,0.012303485051178144
외부,좌측,0.05212153929973171
외부,철거,0.02948051203584819
외부,체인,0.07357621571668435
외부,추락,0.026113590701414956
외부,충돌,0.03944328154633158
외부,하부,0.03895757433856213
외부,횡대,0.10543247284136968
왼손,우측,0.023486846212680018
왼손,작업중,0.03155831154920508
왼손,정리,0.035206871433081086
왼쪽,우측,0.0345021034290857
왼쪽,작업중,0.015960057317269825
왼쪽,정리,0.012218062275607832
왼쪽,제거,0.02602129994036017
왼쪽,좌측,0.023196759357391777
왼쪽,철거,0.012290687434757993
왼쪽,코킹,0.017142125096119905
왼쪽,튀어,0.01854856326046089
요인,인적,0.047479678267813574
요인,조치,0.010614078057075963
요인,지주,0.04590191379890954
요인,탈구,0.03473189487416689
요인,확보,0.01614578205272272
우물,위험,0.02933012003851781
우물,주변,0.0801285988078437
우물,진행,0.02057206047237792
우물,착용,0.03301820608211295
우물,통제,0.09635532451617325
우물,풍속,0.07161472928251128
우물,환경,0.08432798589377208
우측,운반,0.016656772204380006
우측,자재,0.013616972571500336
우측,작업중,0.02044831625664804
우측,잔재,0.01961194834566457
우측,정리,0.017941824461287992
우측,제거,0.023455521222786907
우측,좌측,0.022998057601706853
우측,철거,0.0169967016203253
우측,튀어,0.014453948546926061
우측,하부,0.01639041665248361
운반,자의,0.020329253041095625
운반,자재,0.0266793615162564
운반,작업중,0.018234163589130884
운반,적재,0.06183139414748145
운반,정리,0.015623528096176465
운반,차량,0.04608660068502961
운반,철거,0.022909538036374598
운반,컨테이너,0.04085777147856434
운반,트럭,0.053353967941803304
운반,트리,0.037448981084234445
운반,폐기물,0.08332405585395695
운반,하부,0.01750893321214278
원인,자세,0.052044012761130715
위험,조치,0.031794662315694444
위험,주변,0.036925772140281185
위험,착용,0.028942570547258045
위험,통제,0.05156549284443276
위험,풍속,0.02933012003851781
위험,확보,0.0383946600846787
위험,환경,0.04025971378092645
음으로,이동,0.051663055250016444
음으로,이동식,0.16918655086249387
음으로,인계,0.08900687782254973
음으로,주형,0.08900687782254973
음으로,지지,0.03709060590532367
음으로,추락,0.027184632718251067
음으로,충돌,0.03537333620122503
음으로,협소,0.09995558962574386
이동,이동식,0.1300644390043434
이동,인계,0.051663055250016444
이동,주형,0.051663055250016444
이동,지지,0.016523912376286153
이동,추락,0.01282927952905549
이동,충돌,0.02723202652861423
이동,협소,0.06419690819488516
이동식,인계,0.16918655086249387
이동식,주형,0.16918655086249387
이동식,지지,0.08982998151136469
이동식,추락,0.0717692132681749
이동식,충돌,0.06700140103772245
이동식,협소,0.17605415069718436
인계,주형,0.08900687782254973
인계,지지,0.03709060590532367
인계,추락,0.027184632718251067
인계,충돌,0.03537333620122503
인계,협소,0.09995558962574386
인적,지주,0.0675932574743875
인적,탈구,0.05715507329400605
인적,확보,0.023435708825970104
자의,자재,0.01564581578166173
자의,지지,0.017509325725497103
자의,태자,0.05338728899575195
자의,확보,0.029127170682505005
자재,작업중,0.01442019866565888
자재,적재,0.04611407771439684
자재,정리,0.01447856981874611
자재,제거,0.012185101827203039
자재,좌측,0.01606141562092856
자재,차량,0.0312943990212687
자재,철거,0.012136672884847407
자재,컨테이너,0.026402937643986733
자재,태자,0.01619341146668237
자재,트럭,0.037027783121278954
자재,폐기물,0.0639640872288818
자재,하부,0.011548636286312875
자재,확보,0.012666836018247227
작업중,잔재,0.016979491643982058
작업중,정리,0.0159709321885834
작업중,제거,0.024659601294624644
작업중,조치,0.009094538779576472
작업중,좌측,0.016978936741290557
작업중,착용,0.00961697319388115
작업중,철거,0.01789896818533679
작업중,추락,0.008270976151079705
작업중,콘크리트,0.020944867240510073
작업중,트리,0.023634251627212798
작업중,하부,0.020966520991816364
잔재,잔해,0.05783339545756373
잔재,조치,0.015687247341038373
잔재,차량,0.02998910994116037
잔재,철거,0.022545650824544638
잔재,콘크리트,0.02442357722015041
잔재,하부,0.02122793986225679
잔재,호수,0.06804435650750669
잔해,조치,0.02394229565274366
잔해,철거,0.021681160868713342
잔해,하부,0.021988608160293098
잔해,호수,0.08558120091137027
적벽,콘크리트,0.04690629167513081
적벽,하부,0.013595197005070411
적재,정리,0.031117332200021202
적재,좌측,0.030303657521091727
적재,차량,0.09286516849372867
적재,철거,0.029784145491456873
적재,체인,0.041989497494934025
적재,컨테이너,0.08784861172023543
적재,트럭,0.10392119040616048
적재,폐기물,0.1420020210546039
정리,제거,0.017045575461895206
정리,좌측,0.016482333349354724
정리,주변,0.02288324727202973
정리,차량,0.01880873850712855
정리,착용,0.010424371973857484
정리,철거,0.010555173573519917
정리,트럭,0.02124025130838009
정리,폐기물,0.039304803295603416
정리,하부,0.009456674073981196
제거,좌측,0.022348875561457274
제거,주변,0.03283069124985037
제거,진행,0.020504813102962986
제거,착용,0.018488881315304947
제거,철거,0.023002762580338475
제거,추락,0.014720228166344756
제거,통제,0.03410652083449991
제거,튀어,0.019231889231006112
제거,트리,0.030074050589597275
제거,하부,0.02498739328713556
제거,하층,0.022037237363460648
제거,환경,0.02594063764327553
조치,진행,0.009839510494820096
조치,착용,0.012861758397873927
조치,철거,0.008908994631791515
조치,하부,0.010978877360294442
조치,호수,0.027712663651272486
조치,확보,0.017263171493359774
좌측,철거,0.0208831929142966
좌측,체인,0.040515308182468984
좌측,추락,0.01397518689369811
좌측,하부,0.02619026358258638
좌측,횡대,0.05935959248913312
주변,진행,0.030242380618043185
주변,착용,0.0470383554733628
주변,통제,0.10278282022187066
주변,풍속,0.0801285988078437
주변,환경,0.09286603843831737
주형,지지,0.03709060590532367
주형,추락,0.027184632718251067
주형,충돌,0.03537333620122503
주형,협소,0.09995558962574386
지붕,철거,0.0452308446519908
지붕,추락,0.049344133120273616
지붕,토사,0.13698811583122159
지주,탈구,0.05710999967812167
지주,확보,0.0234172269646633
지지,진행,0.01205736203544075
지지,추락,0.019160407687324785
지지,충돌,0.03998833834137031
지지,태자,0.019581141633815437
지지,하층,0.0253815448993342
지지,협소,0.056124856799745756
지지,흙막이,0.048633818178614924
진행,착용,0.01501134947699433
진행,철거,0.010564363632442742
진행,추락,0.012139009547435983
진행,충돌,0.04125334566354939
진행,통제,0.03610129499404158
진행,튀어,0.02197228273590061
진행,풍속,0.02057206047237792
진행,하층,0.03555678901179022
진행,환경,0.029312899156815155
진행,흙막이,0.07983311392399967
차량,철거,0.023914368541680928
차량,체인,0.03317328083354247
차량,컨테이너,0.06861430196289893
차량,트럭,0.08451168721958308
차량,폐기물,0.12168824753429593
착용,추락,0.00809851108376559
착용,통제,0.055433158813659504
착용,풍속,0.03301820608211295
착용,환경,0.04717587655730783
철거,체인,0.01952341436206292
철거,추락,0.01442646091499118
철거,충돌,0.025168986793961904
철거,컨테이너,0.015917277158285486
철거,콘크리트,0.0226305144171344
철거,토사,0.016607559876853948
철거,트럭,0.022867390453115137
철거,폐기물,0.041483865893294204
철거,하부,0.02333998667035381
철거,하층,0.019009786637238547
철거,호수,0.025535594046855865
체인,추락,0.019518843886990225
체인,충돌,0.03233044856622955
체인,컨테이너,0.030862888617021113
체인,트럭,0.038062355162420826
체인,폐기물,0.055616876825000876
체인,하부,0.023280688810398967
체인,횡대,0.09305161955863105
추락,충돌,0.04727377505927084
추락,토사,0.017586240880761637
추락,튀어,0.010819194472111712
추락,하부,0.012471901662233551
추락,하층,0.023914362483030815
추락,협소,0.03727839746284874
추락,횡대,0.029810086863104678
추락,흙막이,0.05051277983340703
충돌,튀어,0.04429353920728774
충돌,하층,0.06347287369580432
충돌,횡대,0.05010728755763942
충돌,흙막이,0.11599962808770822
컨테이너,트럭,0.07930133673108013
컨테이너,폐기물,0.11755311893833094
코킹,튀어,0.022025019615828777
콘크리트,하부,0.02808781595378307
탈구,확보,0.01946738695181831
태자,확보,0.028376276139301562
통제,풍속,0.09635532451617325
통제,환경,0.10926940281107998
튀어,하층,0.03395050787421223
튀어,흙막이,0.08081743451670396
트럭,폐기물,0.13359846623365038
트리,하부,0.025991835230106793
풍속,환경,0.08432798589377208
하부,호수,0.02529920168167809
하부,횡대,0.038432065017100545
하층,흙막이,0.11881433700229076
