,이동,자재,운반,비계,사용,철근,주위,설치,단독,손가락,단순,과실,자의,반경,반복,동작,낙하,부주의,배관,배근,근로자,미흡,부주의,행동,결빙,질병,불안전,방법,위험,불량,부주의,돌풍,기술,자재,임목,중량,렌탈,철골,난간,발판,부주의,자의,불안전,개인,행동,부족,판단,자세,평재,인지,자재,이동,균형,운반,년월,트러스,설치,혼합,소속,압송,이동,보행,뒷걸음,잔돌,바닥상태,헛딛음,물체,지정,통행,주위,미흡,통제,주변,동부,원인,착용,하부,구간,확보,보호,철골,안전,설치,자재,추락,이동,데크,바닥,체결,철근
이동,0.0,0.0,0.0,0.0,0.0,0.0,0.0,0.0,0.0,0.0,0.0,0.0,0.0,0.0,0.0,0.0,0.0,0.0,0.0,0.0,0.0,0.0,0.0,0.0,0.0,0.0,0.0,0.0,0.0,0.0,0.0,0.0,0.0,0.0,0.0,0.0,0.0,0.0,0.0,0.0,0.0,0.0,0.0,0.0,0.0,0.0,0.0,0.0,0.0,0.0,0.0,0.0,0.0,0.0,0.0,0.0,0.0,0.0,0.0,0.0,0.0,0.0,0.0,0.0,0.0,0.0,0.0,0.0,0.0,0.0,0.0,0.0,0.0,0.0,0.0,0.0,0.0,0.0,0.0,0.0,0.0,0.0,0.0,0.0,0.0,0.0,0.0,0.0,0.0,0.0
자재,0.0,0.0,0.0,0.0,0.0,0.0,0.0,0.0,0.0,0.0,0.0,0.0,0.0,0.0,0.0,0.0,0.0,0.0,0.0,0.0,0.0,0.0,0.0,0.0,0.0,0.0,0.0,0.0,0.0,0.0,0.0,0.0,0.0,0.0,0.0,0.0,0.0,0.0,0.0,0.0,0.0,0.0,0.0,0.0,0.0,0.0,0.0,0.0,0.0,0.0,0.0,0.0,0.0,0.0,0.0,0.0,0.0,0.0,0.0,0.0,0.0,0.0,0.0,0.0,0.0,0.0,0.0,0.0,0.0,0.0,0.0,0.0,0.0,0.0,0.0,0.0,0.0,0.0,0.0,0.0,0.0,0.0,0.0,0.0,0.0,0.0,0.0,0.0,0.0,0.0
운반,0.0,0.0,0.0,0.0,0.0,0.0,0.0,0.0,0.0,0.0,0.0,0.0,0.0,0.0,0.0,0.0,0.0,0.0,0.0,0.0,0.0,0.0,0.0,0.0,0.0,0.0,0.0,0.0,0.0,0.0,0.0,0.0,0.0,0.0,0.0,0.0,0.0,0.0,0.0,0.0,0.0,0.0,0.0,0.0,0.0,0.0,0.0,0.0,0.0,0.0,0.0,0.0,0.0,0.0,0.0,0.0,0.0,0.0,0.0,0.0,0.0,0.0,0.0,0.0,0.0,0.0,0.0,0.0,0.0,0.0,0.0,0.0,0.0,0.0,0.0,0.0,0.0,0.0,0.0,0.0,0.0,0.0,0.0,0.0,0.0,0.0,0.0,0.0,0.0,0.0
비계,0.0,0.0,0.0,0.0,0.08871811890476952,0.0,0.0,0.0,0.07025525328354847,0.07150111081648905,0.0,0.0,0.0,0.0,0.0,0.0,0.0,0.0,0.0,0.014572531324467168,0.0,0.0,0.0,0.0,0.0,0.0,0.0,0.024858209138441268,0.0,0.029675693952817543,0.0,0.0,0.0,0.0,0.0,0.0,0.0,0.0,0.0,0.0,0.0,0.0,0.0,0.0,0.0,0.0,0.0,0.0,0.0,0.0,0.0,0.0,0.09842308520771142,0.09839152999964057,0.06308443251896184,0.059376969646734064,0.0,0.045452265823704555,0.045452265823704555,0.045452265823704555,0.0,0.0,0.0,0.0,0.0,0.0,0.0,0.0,0.0,0.04678699408367864,0.0,0.0,0.0,0.0,0.0,0.0,0.0,0.0,0.0,0.0,0.0,0.0,0.08946467304795425,0.10184019925128757,0.03833411338423301,0.06112151104989322,0.02143914982394985,0.0,0.0,0.046846122637413
사용,0.0,0.0,0.0,0.08871811890476952,0.0,0.0,0.0,0.0,0.07421080407594782,0.07857612497273003,0.0,0.0,0.0,0.0,0.0,0.0,0.0,0.0,0.0,0.01667550431290748,0.0,0.0,0.0,0.0,0.0,0.029438755195469745,0.0,0.026809804577609037,0.0,0.0,0.0,0.0,0.0,0.0,0.0,0.0,0.0,0.0,0.0,0.0,0.0,0.0,0.032365994645388155,0.05688511440941863,0.03395365639822688,0.051580752618783636,0.043097837958579084,0.047205776978838536,0.0364746028922883,0.04504682971219977,0.0,0.0,0.0,0.05261695447476556,0.0,0.0,0.0,0.0,0.0,0.0,0.0,0.0,0.0,0.0,0.0,0.0,0.0,0.0,0.0,0.045775062633837134,0.0,0.0,0.0,0.0,0.0,0.0,0.0,0.03658817413783085,0.0,0.0,0.0,0.0,0.04549491392825776,0.057169123939621994,0.03617180102649838,0.06010957960005171,0.028130661175466386,0.0,0.0,0.045834191187571496
철근,0.0,0.0,0.0,0.0,0.0,0.0,0.0,0.0,0.0,0.0,0.0,0.0,0.0,0.0,0.0,0.0,0.0,0.0,0.0,0.0,0.0,0.0,0.0,0.0,0.0,0.0,0.0,0.0,0.0,0.0,0.0,0.0,0.0,0.0,0.0,0.0,0.0,0.0,0.0,0.0,0.0,0.0,0.0,0.0,0.0,0.0,0.0,0.0,0.0,0.0,0.0,0.0,0.0,0.0,0.0,0.0,0.0,0.0,0.0,0.0,0.0,0.0,0.0,0.0,0.0,0.0,0.0,0.0,0.0,0.0,0.0,0.0,0.0,0.0,0.0,0.0,0.0,0.0,0.0,0.0,0.0,0.0,0.0,0.0,0.0,0.0,0.0,0.0,0.0,0.0
주위,0.0,0.0,0.0,0.0,0.0,0.0,0.0,0.0,0.0,0.0,0.0,0.0,0.0,0.0,0.0,0.0,0.0,0.0,0.0,0.0,0.0,0.0,0.0,0.0,0.0,0.0,0.0,0.0,0.0,0.0,0.0,0.0,0.0,0.0,0.0,0.0,0.0,0.0,0.0,0.0,0.0,0.0,0.0,0.0,0.0,0.0,0.0,0.0,0.0,0.0,0.0,0.0,0.0,0.0,0.0,0.0,0.0,0.0,0.0,0.0,0.0,0.0,0.0,0.0,0.0,0.0,0.0,0.0,0.0,0.0,0.0,0.0,0.0,0.0,0.0,0.0,0.0,0.0,0.0,0.0,0.0,0.0,0.0,0.0,0.0,0.0,0.0,0.0,0.0,0.0
설치,0.0,0.0,0.0,0.0,0.0,0.0,0.0,0.0,0.0,0.0,0.0,0.0,0.0,0.0,0.0,0.0,0.0,0.0,0.0,0.0,0.0,0.0,0.0,0.0,0.0,0.0,0.0,0.0,0.0,0.0,0.0,0.0,0.0,0.0,0.0,0.0,0.0,0.0,0.0,0.0,0.0,0.0,0.0,0.0,0.0,0.0,0.0,0.0,0.0,0.0,0.0,0.0,0.0,0.0,0.0,0.0,0.0,0.0,0.0,0.0,0.0,0.0,0.0,0.0,0.0,0.0,0.0,0.0,0.0,0.0,0.0,0.0,0.0,0.0,0.0,0.0,0.0,0.0,0.0,0.0,0.0,0.0,0.0,0.0,0.0,0.0,0.0,0.0,0.0,0.0
단독,0.0,0.0,0.0,0.07025525328354847,0.07421080407594782,0.0,0.0,0.0,0.0,0.06733312166547623,0.0,0.0,0.0,0.0,0.0,0.0,0.0,0.0,0.0,0.016775530832064598,0.0,0.0,0.0,0.0,0.0,0.0,0.0,0.020074570155726508,0.0,0.0,0.0,0.0,0.0,0.0,0.0,0.0,0.0,0.0,0.0,0.0,0.0,0.0,0.0,0.0,0.0,0.0,0.0,0.0,0.0,0.0,0.0,0.0,0.0,0.04564726849144611,0.0,0.0,0.0,0.0,0.0,0.0,0.0,0.0,0.0,0.0,0.0,0.0,0.0,0.0,0.0,0.038805376650517684,0.0,0.0,0.0,0.0,0.0,0.0,0.0,0.0,0.0,0.0,0.0,0.0,0.03852522794493831,0.05019943795630254,0.020082850728691967,0.053139893616732256,0.02047780877170274,0.0,0.0,0.05928208435925443
손가락,0.0,0.0,0.0,0.07150111081648905,0.07857612497273003,0.0,0.0,0.0,0.06733312166547623,0.0,0.0,0.0,0.0,0.0,0.0,0.0,0.0,0.0,0.009630317844014163,0.017088751634259703,0.0,0.0,0.0,0.0,0.0,0.0,0.0,0.0,0.0,0.0,0.0,0.0,0.0,0.0,0.0,0.0,0.0,0.0,0.0,0.0,0.0,0.0,0.0,0.0,0.0,0.0,0.0,0.0,0.0,0.0,0.0,0.0,0.0,0.044999837748064306,0.0,0.0,0.0,0.0,0.0,0.0,0.0,0.0,0.0,0.0,0.0,0.0,0.0,0.0,0.0,0.03815794590713588,0.0,0.0,0.0,0.0,0.0,0.0,0.0,0.0,0.0,0.0,0.0,0.024879382005299065,0.03787779720155651,0.049552007212920746,0.028851478325259732,0.052492462873350465,0.030446419384494994,0.0,0.021020940081988192,0.059630571568621595
단순,0.0,0.0,0.0,0.0,0.0,0.0,0.0,0.0,0.0,0.0,0.0,2.857231480730304,0.0,1.6101458982862797,1.6009784300006453,1.5832760699512367,1.5390665707137803,0.0,0.7406595064863104,0.7406595064863104,0.0,0.0,0.0,0.0,0.0,0.0,0.0,0.0,0.0,0.0,0.0,0.0,0.0,0.0,0.0,0.0,0.0,0.0,0.0,0.0,0.7654560484833549,1.5939057489113204,0.0,0.0,0.0,0.0,0.0,0.0,0.0,0.0,0.0,0.0,0.0,0.0,0.0,0.0,0.0,0.0,0.0,0.0,0.0,0.0,0.0,0.0,0.0,0.0,0.0,0.0,0.0,0.0,0.0,0.0,0.0,0.0,0.0,0.0,0.0,0.0,0.0,0.0,0.0,0.0,0.0,0.0,0.0,0.0,0.0,0.0,0.0,0.0
과실,0.0,0.0,0.0,0.0,0.0,0.0,0.0,0.0,0.0,0.0,2.857231480730304,0.0,0.0,1.5083240726408547,1.4990157031975229,1.4817302127696563,1.4384752989942253,0.0,0.6918409333906589,0.6918409333906589,0.0,0.0,0.0,0.0,0.0,0.0,0.0,0.0,0.0,0.0,0.0,0.0,0.0,0.0,0.0,0.0,0.0,0.0,0.0,0.0,0.7166374753877034,1.5083228930760053,0.0,0.0,0.0,0.0,0.0,0.0,0.0,0.0,0.0,0.0,0.0,0.0,0.0,0.0,0.0,0.0,0.0,0.0,0.0,0.0,0.0,0.0,0.0,0.0,0.0,0.0,0.0,0.0,0.0,0.0,0.0,0.0,0.0,0.0,0.0,0.0,0.0,0.0,0.0,0.0,0.0,0.0,0.0,0.0,0.0,0.0,0.0,0.0
자의,0.0,0.0,0.0,0.0,0.0,0.0,0.0,0.0,0.0,0.0,0.0,0.0,0.0,0.0,0.0,0.0,0.0,0.0,0.0,0.0,0.0,0.0,0.0,0.0,0.0,0.0,0.0,0.0,0.0,0.0,0.0,0.0,0.0,0.0,0.0,0.0,0.0,0.0,0.0,0.0,0.0,0.0,0.0,0.0,0.0,0.0,0.0,0.0,0.0,0.0,0.0,0.0,0.0,0.0,0.0,0.0,0.0,0.0,0.0,0.0,0.0,0.0,0.0,0.0,0.0,0.0,0.0,0.0,0.0,0.0,0.0,0.0,0.0,0.0,0.0,0.0,0.0,0.0,0.0,0.0,0.0,0.0,0.0,0.0,0.0,0.0,0.0,0.0,0.0,0.0
반경,0.0,0.0,0.0,0.0,0.0,0.0,0.0,0.0,0.0,0.0,1.6101458982862797,1.5083240726408547,0.0,0.0,0.25098595622905095,0.23753694370441716,0.20385901576487842,0.0,0.06450856593486684,0.06450856593486684,0.0,0.0,0.0,0.0,0.0,0.0,0.0,0.0,0.0,0.0,0.0,0.0,0.0,0.0,0.0,0.0,0.0,0.0,0.0,0.0,0.08930510793191138,0.37162247628163086,0.0,0.0,0.0,0.0,0.0,0.0,0.0,0.0,0.0,0.0,0.0,0.0,0.0,0.0,0.0,0.0,0.0,0.0,0.0,0.0,0.0,0.0,0.0,0.0,0.0,0.0,0.0,0.0,0.0,0.0,0.0,0.0,0.0,0.0,0.0,0.0,0.0,0.0,0.0,0.0,0.0,0.0,0.0,0.0,0.0,0.0,0.0,0.0
반복,0.0,0.0,0.0,0.0,0.0,0.0,0.0,0.0,0.0,0.0,1.6009784300006453,1.4990157031975229,0.0,0.25098595622905095,0.0,0.2315528223969785,0.19784204509399475,0.0,0.06125241626423059,0.06125241626423059,0.0,0.0,0.0,0.0,0.0,0.0,0.0,0.0,0.0,0.0,0.0,0.0,0.0,0.0,0.0,0.0,0.0,0.0,0.0,0.0,0.08604895826127514,0.3657691805820762,0.0,0.0,0.0,0.0,0.0,0.0,0.0,0.0,0.0,0.0,0.0,0.0,0.0,0.0,0.0,0.0,0.0,0.0,0.0,0.0,0.0,0.0,0.0,0.0,0.0,0.0,0.0,0.0,0.0,0.0,0.0,0.0,0.0,0.0,0.0,0.0,0.0,0.0,0.0,0.0,0.0,0.0,0.0,0.0,0.0,0.0,0.0,0.0
동작,0.0,0.0,0.0,0.0,0.0,0.0,0.0,0.0,0.0,0.0,1.5832760699512367,1.4817302127696563,0.0,0.23753694370441716,0.2315528223969785,0.0,0.1861647992495984,0.0,0.05493195180019248,0.05493195180019248,0.0,0.0,0.0,0.0,0.0,0.0,0.0,0.0,0.0,0.0,0.0,0.0,0.0,0.0,0.0,0.0,0.0,0.0,0.0,0.0,0.07972849379723702,0.3549807834245514,0.0,0.0,0.0,0.0,0.0,0.0,0.0,0.0,0.0,0.0,0.0,0.0,0.0,0.0,0.0,0.0,0.0,0.0,0.0,0.0,0.0,0.0,0.0,0.0,0.0,0.0,0.0,0.0,0.0,0.0,0.0,0.0,0.0,0.0,0.0,0.0,0.0,0.0,0.0,0.0,0.0,0.0,0.0,0.0,0.0,0.0,0.0,0.0
낙하,0.0,0.0,0.0,0.0,0.0,0.0,0.0,0.0,0.0,0.0,1.5390665707137803,1.4384752989942253,0.0,0.20385901576487842,0.19784204509399475,0.1861647992495984,0.0,0.0,0.03868778604266852,0.03868778604266852,0.0,0.0,0.0,0.0,0.0,0.0,0.0,0.0,0.0,0.0,0.0,0.0,0.0,0.0,0.0,0.0,0.0,0.0,0.0,0.0,0.06348432803971306,0.3241042019499196,0.0,0.0,0.0,0.0,0.0,0.0,0.0,0.0,0.0,0.0,0.0,0.0,0.0,0.0,0.0,0.0,0.0,0.0,0.0,0.0,0.0,0.0,0.0,0.0,0.0,0.0,0.0,0.0,0.0,0.0,0.0,0.0,0.0,0.0,0.0,0.0,0.0,0.0,0.0,0.0,0.0,0.0,0.0,0.0,0.0,0.0,0.0,0.0
부주의,0.0,0.0,0.0,0.0,0.0,0.0,0.0,0.0,0.0,0.0,0.0,0.0,0.0,0.0,0.0,0.0,0.0,0.0,0.0,0.0,0.0,0.0,0.0,0.0,0.0,0.0,0.0,0.0,0.0,0.0,0.0,0.0,0.0,0.0,0.0,0.0,0.0,0.0,0.0,0.0,0.0,0.0,0.0,0.0,0.0,0.0,0.0,0.0,0.0,0.0,0.0,0.0,0.0,0.0,0.0,0.0,0.0,0.0,0.0,0.0,0.0,0.0,0.0,0.0,0.0,0.0,0.0,0.0,0.0,0.0,0.0,0.0,0.0,0.0,0.0,0.0,0.0,0.0,0.0,0.0,0.0,0.0,0.0,0.0,0.0,0.0,0.0,0.0,0.0,0.0
배관,0.0,0.0,0.0,0.0,0.0,0.0,0.0,0.0,0.0,0.009630317844014163,0.7406595064863104,0.6918409333906589,0.0,0.06450856593486684,0.06125241626423059,0.05493195180019248,0.03868778604266852,0.0,0.0,0.0,0.0,0.0,0.0,0.0,0.0,0.0,0.0,0.0,0.0,0.0,0.0,0.0,0.0,0.0,0.0,0.0,0.0,0.0,0.0,0.0,0.02479654199704454,0.1421752921127742,0.0,0.0,0.0,0.0,0.0,0.0,0.0,0.0,0.0,0.0,0.0,0.0,0.0,0.0,0.0,0.0,0.0,0.0,0.0,0.0,0.0,0.0,0.0,0.0,0.0,0.0,0.0,0.0,0.0,0.0,0.0,0.0,0.0,0.0,0.0,0.0,0.0,0.0,0.0,0.011728187053106704,0.0,0.0,0.008830701924081492,0.0,0.011145515275263454,0.0,0.00941207952136488,0.0
배근,0.0,0.0,0.0,0.014572531324467168,0.01667550431290748,0.0,0.0,0.0,0.016775530832064598,0.017088751634259703,0.7406595064863104,0.6918409333906589,0.0,0.06450856593486684,0.06125241626423059,0.05493195180019248,0.03868778604266852,0.0,0.0,0.0,0.0,0.0,0.0,0.0,0.0,0.0,0.0,0.0,0.0,0.0,0.0,0.0,0.0,0.0,0.0,0.0,0.0,0.0,0.0,0.0,0.02479654199704454,0.1421752921127742,0.0,0.0,0.0,0.0,0.0,0.0,0.0,0.0,0.0,0.0,0.0,0.0,0.0,0.0,0.0,0.0,0.0,0.0,0.0,0.0,0.0,0.0,0.0,0.0,0.0,0.0,0.0,0.0,0.0,0.0,0.0,0.0,0.0,0.0,0.0,0.0,0.0,0.0,0.0,0.01372081985032413,0.0,0.0,0.012074451692274906,0.0,0.01247588973028184,0.0,0.009182716272061813,0.011917896889276934
근로자,0.0,0.0,0.0,0.0,0.0,0.0,0.0,0.0,0.0,0.0,0.0,0.0,0.0,0.0,0.0,0.0,0.0,0.0,0.0,0.0,0.0,0.0,0.0,0.0,0.2985617696909817,0.276410842301177,0.0,0.25132946713555826,0.25255723070277314,0.14616190769101792,0.0,0.0,0.0,0.0,0.0,0.0,0.0,0.0,0.0,0.0,0.1674340723804963,0.0,0.14894959982796224,0.0,0.15347201909071229,0.0,0.0,0.0,0.0,0.0,0.0,0.0,0.0,0.0,0.0,0.0,0.0,0.0,0.0,0.0,0.0,0.0,0.0,0.0,0.0,0.0,0.0,0.0,0.0,0.0,0.17132629062770088,0.0,0.0,0.0,0.0,0.0,0.0,0.0,0.0,0.0,0.0,0.0,0.0,0.0,0.0,0.0,0.0,0.0,0.0,0.0
미흡,0.0,0.0,0.0,0.0,0.0,0.0,0.0,0.0,0.0,0.0,0.0,0.0,0.0,0.0,0.0,0.0,0.0,0.0,0.0,0.0,0.0,0.0,0.0,0.0,0.0,0.0,0.0,0.0,0.0,0.0,0.0,0.0,0.0,0.0,0.0,0.0,0.0,0.0,0.0,0.0,0.0,0.0,0.0,0.0,0.0,0.0,0.0,0.0,0.0,0.0,0.0,0.0,0.0,0.0,0.0,0.0,0.0,0.0,0.0,0.0,0.0,0.0,0.0,0.0,0.0,0.0,0.0,0.0,0.0,0.0,0.0,0.0,0.0,0.0,0.0,0.0,0.0,0.0,0.0,0.0,0.0,0.0,0.0,0.0,0.0,0.0,0.0,0.0,0.0,0.0
부주의,0.0,0.0,0.0,0.0,0.0,0.0,0.0,0.0,0.0,0.0,0.0,0.0,0.0,0.0,0.0,0.0,0.0,0.0,0.0,0.0,0.0,0.0,0.0,0.0,0.0,0.0,0.0,0.0,0.0,0.0,0.0,0.0,0.0,0.0,0.0,0.0,0.0,0.0,0.0,0.0,0.0,0.0,0.0,0.0,0.0,0.0,0.0,0.0,0.0,0.0,0.0,0.0,0.0,0.0,0.0,0.0,0.0,0.0,0.0,0.0,0.0,0.0,0.0,0.0,0.0,0.0,0.0,0.0,0.0,0.0,0.0,0.0,0.0,0.0,0.0,0.0,0.0,0.0,0.0,0.0,0.0,0.0,0.0,0.0,0.0,0.0,0.0,0.0,0.0,0.0
행동,0.0,0.0,0.0,0.0,0.0,0.0,0.0,0.0,0.0,0.0,0.0,0.0,0.0,0.0,0.0,0.0,0.0,0.0,0.0,0.0,0.0,0.0,0.0,0.0,0.0,0.0,0.0,0.0,0.0,0.0,0.0,0.0,0.0,0.0,0.0,0.0,0.0,0.0,0.0,0.0,0.0,0.0,0.0,0.0,0.0,0.0,0.0,0.0,0.0,0.0,0.0,0.0,0.0,0.0,0.0,0.0,0.0,0.0,0.0,0.0,0.0,0.0,0.0,0.0,0.0,0.0,0.0,0.0,0.0,0.0,0.0,0.0,0.0,0.0,0.0,0.0,0.0,0.0,0.0,0.0,0.0,0.0,0.0,0.0,0.0,0.0,0.0,0.0,0.0,0.0
결빙,0.0,0.0,0.0,0.0,0.0,0.0,0.0,0.0,0.0,0.0,0.0,0.0,0.0,0.0,0.0,0.0,0.0,0.0,0.0,0.0,0.2985617696909817,0.0,0.0,0.0,0.0,0.07775954008137287,0.0,0.06835707418086051,0.06956549218783793,0.03877386535410807,0.0,0.0,0.0,0.0,0.0,0.0,0.0,0.0,0.0,0.0,0.06004603004358644,0.0,0.041561557491052385,0.0,0.04608397675380242,0.0,0.0,0.0,0.0,0.0,0.0,0.0,0.0,0.0,0.0,0.0,0.0,0.0,0.0,0.0,0.0,0.0,0.0,0.0,0.0,0.0,0.0,0.0,0.0,0.0,0.063938248290791,0.0,0.0,0.0,0.0,0.0,0.0,0.0,0.0,0.0,0.0,0.0,0.0,0.0,0.0,0.0,0.0,0.0,0.0,0.0
질병,0.0,0.0,0.0,0.0,0.029438755195469745,0.0,0.0,0.0,0.0,0.0,0.0,0.0,0.0,0.0,0.0,0.0,0.0,0.0,0.0,0.0,0.276410842301177,0.0,0.0,0.0,0.07775954008137287,0.0,0.0,0.06424363280856349,0.06528755003253409,0.03877386535410807,0.0,0.0,0.0,0.0,0.0,0.0,0.0,0.0,0.0,0.0,0.06004603004358644,0.0,0.07073089194909979,0.04665042173406756,0.08016296986279563,0.03810050433672909,0.031719588261398375,0.03438645956188685,0.027511803280233497,0.03195700061381218,0.0,0.0,0.0,0.0,0.0,0.0,0.0,0.0,0.0,0.0,0.0,0.0,0.0,0.0,0.0,0.0,0.0,0.0,0.0,0.0,0.063938248290791,0.0,0.0,0.0,0.0,0.0,0.0,0.0,0.0,0.0,0.0,0.0,0.0,0.0,0.020716034574793384,0.0,0.0,0.0,0.0,0.0
불안전,0.0,0.0,0.0,0.0,0.0,0.0,0.0,0.0,0.0,0.0,0.0,0.0,0.0,0.0,0.0,0.0,0.0,0.0,0.0,0.0,0.0,0.0,0.0,0.0,0.0,0.0,0.0,0.0,0.0,0.0,0.0,0.0,0.0,0.0,0.0,0.0,0.0,0.0,0.0,0.0,0.0,0.0,0.0,0.0,0.0,0.0,0.0,0.0,0.0,0.0,0.0,0.0,0.0,0.0,0.0,0.0,0.0,0.0,0.0,0.0,0.0,0.0,0.0,0.0,0.0,0.0,0.0,0.0,0.0,0.0,0.0,0.0,0.0,0.0,0.0,0.0,0.0,0.0,0.0,0.0,0.0,0.0,0.0,0.0,0.0,0.0,0.0,0.0,0.0,0.0
방법,0.0,0.0,0.0,0.024858209138441268,0.026809804577609037,0.0,0.0,0.0,0.020074570155726508,0.0,0.0,0.0,0.0,0.0,0.0,0.0,0.0,0.0,0.0,0.0,0.25132946713555826,0.0,0.0,0.0,0.06835707418086051,0.06424363280856349,0.0,0.0,0.07364659357201753,0.060651515864447336,0.0,0.0,0.0,0.0,0.0,0.0,0.0,0.0,0.0,0.0,0.05904199827809596,0.0,0.04055752572556191,0.0,0.04507994498831194,0.0,0.0,0.0,0.0,0.027305575720407767,0.0,0.0,0.0,0.0,0.0,0.0,0.0,0.0,0.0,0.0,0.0,0.0,0.0,0.0,0.0,0.0,0.0,0.0,0.0,0.0,0.10707778651061342,0.053830134623936675,0.045291850536790176,0.036477237069601445,0.048893847210232565,0.03790022601207677,0.04000029171965618,0.03533421018305886,0.038651925891927535,0.02966147056398075,0.0,0.030589948278939325,0.0,0.0,0.019790737103010384,0.0,0.0,0.0,0.022429945713236706,0.0
위험,0.0,0.0,0.0,0.0,0.0,0.0,0.0,0.0,0.0,0.0,0.0,0.0,0.0,0.0,0.0,0.0,0.0,0.0,0.0,0.0,0.25255723070277314,0.0,0.0,0.0,0.06956549218783793,0.06528755003253409,0.0,0.07364659357201753,0.0,0.06420519024422264,0.0,0.0,0.0,0.0,0.0,0.0,0.0,0.0,0.0,0.0,0.05884430648905684,0.0,0.04035983393652279,0.0,0.06849921436176085,0.0,0.0,0.0,0.0,0.0,0.0,0.0,0.0,0.0,0.0,0.0,0.0,0.0,0.0,0.0,0.0,0.0,0.0,0.0,0.0,0.0,0.0,0.0,0.0,0.0,0.11570367849790007,0.0632826443602281,0.049198865658998094,0.04815347719429234,0.056604358084414066,0.0446186577098871,0.03968019773897961,0.037758133301928024,0.04827363267676061,0.038526241567790484,0.0,0.024995001918198118,0.0,0.0,0.0,0.0,0.0,0.0,0.017960153039469295,0.0
불량,0.0,0.0,0.0,0.029675693952817543,0.0,0.0,0.0,0.0,0.0,0.0,0.0,0.0,0.0,0.0,0.0,0.0,0.0,0.0,0.0,0.0,0.14616190769101792,0.0,0.0,0.0,0.03877386535410807,0.03877386535410807,0.0,0.060651515864447336,0.06420519024422264,0.0,0.0,0.0,0.0,0.0,0.0,0.0,0.0,0.0,0.0,0.0,0.056823891789634526,0.0,0.03833941923710048,0.0,0.04286183849985051,0.0,0.0,0.0,0.0,0.0,0.0,0.0,0.0835624763941994,0.031205822636141505,0.060264034947875536,0.04993006380332816,0.0,0.04092125813752161,0.04092125813752161,0.04092125813752161,0.0,0.0,0.0,0.0,0.0,0.0,0.0,0.0,0.0,0.0,0.09709368707989241,0.043660059549863156,0.05293699465132221,0.0,0.039042466356055384,0.0,0.0,0.0,0.03306258548924927,0.0,0.0,0.0,0.029933127882785907,0.0308152332018623,0.0,0.0,0.0,0.0,0.0,0.0
부주의,0.0,0.0,0.0,0.0,0.0,0.0,0.0,0.0,0.0,0.0,0.0,0.0,0.0,0.0,0.0,0.0,0.0,0.0,0.0,0.0,0.0,0.0,0.0,0.0,0.0,0.0,0.0,0.0,0.0,0.0,0.0,0.0,0.0,0.0,0.0,0.0,0.0,0.0,0.0,0.0,0.0,0.0,0.0,0.0,0.0,0.0,0.0,0.0,0.0,0.0,0.0,0.0,0.0,0.0,0.0,0.0,0.0,0.0,0.0,0.0,0.0,0.0,0.0,0.0,0.0,0.0,0.0,0.0,0.0,0.0,0.0,0.0,0.0,0.0,0.0,0.0,0.0,0.0,0.0,0.0,0.0,0.0,0.0,0.0,0.0,0.0,0.0,0.0,0.0,0.0
돌풍,0.0,0.0,0.0,0.0,0.0,0.0,0.0,0.0,0.0,0.0,0.0,0.0,0.0,0.0,0.0,0.0,0.0,0.0,0.0,0.0,0.0,0.0,0.0,0.0,0.0,0.0,0.0,0.0,0.0,0.0,0.0,0.0,0.309413961937522,0.0,0.2836683400882126,0.2625951677639098,0.2627325686000076,0.0,0.2408025330001789,0.22155443599067037,0.8435636541594307,0.0,0.0,0.0,0.0,0.0,0.0,0.0,0.0,0.0,0.0,0.0,0.0,0.0,0.0,0.0,0.0,0.0,0.0,0.0,0.0,0.0,0.0,0.0,0.0,0.0,0.0,0.0,0.0,0.0,0.0,0.0,0.0,0.0,0.0,0.0,0.0,0.0,0.0,0.0,0.23080272643973804,0.0,0.0,0.151044577054986,0.0,0.0,0.0,0.0,0.0,0.08029789441593413
기술,0.0,0.0,0.0,0.0,0.0,0.0,0.0,0.0,0.0,0.0,0.0,0.0,0.0,0.0,0.0,0.0,0.0,0.0,0.0,0.0,0.0,0.0,0.0,0.0,0.0,0.0,0.0,0.0,0.0,0.0,0.0,0.309413961937522,0.0,0.0,0.27305703538708165,0.2524786960475819,0.2522621213288827,0.0,0.23062324563187514,0.21191989985101728,0.8330080955454977,0.0,0.0,0.0,0.0,0.0,0.0,0.0,0.0,0.0,0.0,0.0,0.0,0.0,0.0,0.0,0.0,0.0,0.0,0.0,0.0,0.0,0.0,0.0,0.0,0.0,0.0,0.0,0.0,0.0,0.0,0.0,0.0,0.0,0.0,0.0,0.0,0.0,0.0,0.0,0.22130659833204422,0.0,0.0,0.14572453885065195,0.0,0.0,0.0,0.0,0.0,0.07621254185341922
자재,0.0,0.0,0.0,0.0,0.0,0.0,0.0,0.0,0.0,0.0,0.0,0.0,0.0,0.0,0.0,0.0,0.0,0.0,0.0,0.0,0.0,0.0,0.0,0.0,0.0,0.0,0.0,0.0,0.0,0.0,0.0,0.0,0.0,0.0,0.0,0.0,0.0,0.0,0.0,0.0,0.0,0.0,0.0,0.0,0.0,0.0,0.0,0.0,0.0,0.0,0.0,0.0,0.0,0.0,0.0,0.0,0.0,0.0,0.0,0.0,0.0,0.0,0.0,0.0,0.0,0.0,0.0,0.0,0.0,0.0,0.0,0.0,0.0,0.0,0.0,0.0,0.0,0.0,0.0,0.0,0.0,0.0,0.0,0.0,0.0,0.0,0.0,0.0,0.0,0.0
임목,0.0,0.0,0.0,0.0,0.0,0.0,0.0,0.0,0.0,0.0,0.0,0.0,0.0,0.0,0.0,0.0,0.0,0.0,0.0,0.0,0.0,0.0,0.0,0.0,0.0,0.0,0.0,0.0,0.0,0.0,0.0,0.2836683400882126,0.27305703538708165,0.0,0.0,0.22807789861314126,0.22704910882422785,0.0,0.20618724612480643,0.18881842722658626,0.8075099735379466,0.0,0.0,0.0,0.0,0.0,0.0,0.0,0.0,0.0,0.0,0.0,0.0,0.0,0.0,0.0,0.0,0.0,0.0,0.0,0.0,0.0,0.0,0.0,0.0,0.0,0.0,0.0,0.0,0.0,0.0,0.0,0.0,0.0,0.0,0.0,0.0,0.0,0.0,0.0,0.1989265006970416,0.0,0.0,0.13289377940312647,0.0,0.0,0.0,0.0,0.0,0.06663492043160482
중량,0.0,0.0,0.0,0.0,0.0,0.0,0.0,0.0,0.0,0.0,0.0,0.0,0.0,0.0,0.0,0.0,0.0,0.0,0.0,0.0,0.0,0.0,0.0,0.0,0.0,0.0,0.0,0.0,0.0,0.0,0.0,0.2625951677639098,0.2524786960475819,0.0,0.22807789861314126,0.0,0.21089454463547902,0.0,0.19208629728122817,0.17442749702878635,0.7919150482452451,0.0,0.0,0.0,0.0,0.0,0.0,0.0,0.0,0.0,0.0,0.0,0.0,0.0,0.0,0.0,0.0,0.0,0.0,0.0,0.0,0.0,0.0,0.0,0.0,0.0,0.0,0.0,0.0,0.0,0.0,0.0,0.0,0.0,0.0,0.0,0.0,0.0,0.0,0.0,0.1853512387765174,0.0,0.0,0.19803096330516184,0.0,0.0,0.0,0.0,0.0,0.06109936236801955
렌탈,0.0,0.0,0.0,0.0,0.0,0.0,0.0,0.0,0.0,0.0,0.0,0.0,0.0,0.0,0.0,0.0,0.0,0.0,0.0,0.0,0.0,0.0,0.0,0.0,0.0,0.0,0.0,0.0,0.0,0.0,0.0,0.2627325686000076,0.2522621213288827,0.0,0.22704910882422785,0.21089454463547902,0.0,0.0,0.19279197995480155,0.17264080311048569,0.7883176878962416,0.0,0.0,0.0,0.0,0.0,0.0,0.0,0.0,0.0,0.0,0.0,0.0,0.0,0.0,0.0,0.0,0.0,0.0,0.0,0.0,0.0,0.0,0.0,0.0,0.0,0.0,0.0,0.0,0.0,0.0,0.0,0.0,0.0,0.0,0.0,0.0,0.0,0.0,0.0,0.18603068172984266,0.0,0.0,0.1672778586428999,0.0,0.0,0.0,0.0,0.0,0.0660351354628967
철골,0.0,0.0,0.0,0.0,0.0,0.0,0.0,0.0,0.0,0.0,0.0,0.0,0.0,0.0,0.0,0.0,0.0,0.0,0.0,0.0,0.0,0.0,0.0,0.0,0.0,0.0,0.0,0.0,0.0,0.0,0.0,0.0,0.0,0.0,0.0,0.0,0.0,0.0,0.0,0.0,0.0,0.0,0.0,0.0,0.0,0.0,0.0,0.0,0.0,0.0,0.0,0.0,0.0,0.0,0.0,0.0,0.0,0.0,0.0,0.0,0.0,0.0,0.0,0.0,0.0,0.0,0.0,0.0,0.0,0.0,0.0,0.0,0.0,0.0,0.0,0.0,0.0,0.0,0.0,0.0,0.0,0.0,0.0,0.0,0.0,0.0,0.0,0.0,0.0,0.0
난간,0.0,0.0,0.0,0.0,0.0,0.0,0.0,0.0,0.0,0.0,0.0,0.0,0.0,0.0,0.0,0.0,0.0,0.0,0.0,0.0,0.0,0.0,0.0,0.0,0.0,0.0,0.0,0.0,0.0,0.0,0.0,0.2408025330001789,0.23062324563187514,0.0,0.20618724612480643,0.19208629728122817,0.19279197995480155,0.0,0.0,0.16295315817578432,0.771661494768178,0.0,0.0,0.0,0.0,0.0,0.0,0.0,0.0,0.0,0.0,0.0,0.0,0.0,0.0,0.0,0.0,0.0,0.0,0.0,0.0,0.0,0.0,0.0,0.0,0.0,0.0,0.0,0.0,0.0,0.0,0.0,0.0,0.0,0.0,0.0,0.0,0.0,0.0,0.0,0.17271607047577237,0.0,0.0,0.15825238045031523,0.0,0.0,0.0,0.0,0.0,0.06076911374172709
발판,0.0,0.0,0.0,0.0,0.0,0.0,0.0,0.0,0.0,0.0,0.0,0.0,0.0,0.0,0.0,0.0,0.0,0.0,0.0,0.0,0.0,0.0,0.0,0.0,0.0,0.0,0.0,0.0,0.0,0.0,0.0,0.22155443599067037,0.21191989985101728,0.0,0.18881842722658626,0.17442749702878635,0.17264080311048569,0.0,0.16295315817578432,0.0,0.7602034475194805,0.0,0.0,0.0,0.0,0.0,0.0,0.0,0.0,0.0,0.0,0.0,0.0,0.0,0.0,0.0,0.0,0.0,0.0,0.0,0.0,0.0,0.0,0.0,0.0,0.0,0.0,0.0,0.0,0.0,0.0,0.0,0.0,0.0,0.0,0.0,0.0,0.0,0.0,0.0,0.16118430693248648,0.0,0.0,0.15050209691266106,0.0,0.0,0.0,0.0,0.0,0.04864184568799294
부주의,0.0,0.0,0.0,0.0,0.0,0.0,0.0,0.0,0.0,0.0,0.7654560484833549,0.7166374753877034,0.0,0.08930510793191138,0.08604895826127514,0.07972849379723702,0.06348432803971306,0.0,0.02479654199704454,0.02479654199704454,0.1674340723804963,0.0,0.0,0.0,0.06004603004358644,0.06004603004358644,0.0,0.05904199827809596,0.05884430648905684,0.056823891789634526,0.0,0.8435636541594307,0.8330080955454977,0.0,0.8075099735379466,0.7919150482452451,0.7883176878962416,0.0,0.771661494768178,0.7602034475194805,0.0,0.37161974949020954,0.25137008493740076,0.17629999577802077,0.23328295246741768,0.14969819789279354,0.1439499131394495,0.14150130463361732,0.13891702494988034,0.13817057661934812,0.0,0.0,0.0,0.0,0.0,0.0,0.0,0.0,0.0,0.0,0.0,0.0,0.0,0.0,0.0,0.0,0.0,0.0,0.0,0.0,0.08198827472631748,0.0,0.0,0.0,0.0,0.0,0.0,0.0,0.0,0.0,0.7654574300547513,0.0,0.0,0.731401475689466,0.0,0.0,0.0,0.0,0.0,0.03643079470792645
자의,0.0,0.0,0.0,0.0,0.0,0.0,0.0,0.0,0.0,0.0,1.5939057489113204,1.5083228930760053,0.0,0.37162247628163086,0.3657691805820762,0.3549807834245514,0.3241042019499196,0.0,0.1421752921127742,0.1421752921127742,0.0,0.0,0.0,0.0,0.0,0.0,0.0,0.0,0.0,0.0,0.0,0.0,0.0,0.0,0.0,0.0,0.0,0.0,0.0,0.0,0.37161974949020954,0.0,0.2701701443177576,0.2774709600174015,0.15897915367890206,0.24126140357136724,0.22681671030588596,0.22831793423896857,0.22351533319606523,0.12800078102016138,0.0,0.0,0.0,0.0,0.0,0.0,0.0,0.0,0.0,0.0,0.0,0.0,0.0,0.0,0.0,0.0,0.0,0.0,0.0,0.0,0.0,0.0,0.0,0.0,0.0,0.0,0.0,0.0,0.0,0.0,0.0,0.0,0.0,0.0,0.0,0.0,0.0,0.0,0.0,0.0
불안전,0.0,0.0,0.0,0.0,0.032365994645388155,0.0,0.0,0.0,0.0,0.0,0.0,0.0,0.0,0.0,0.0,0.0,0.0,0.0,0.0,0.0,0.14894959982796224,0.0,0.0,0.0,0.041561557491052385,0.07073089194909979,0.0,0.04055752572556191,0.04035983393652279,0.03833941923710048,0.0,0.0,0.0,0.0,0.0,0.0,0.0,0.0,0.0,0.0,0.25137008493740076,0.2701701443177576,0.0,0.23793059377210907,0.23551820554738556,0.18761267519050892,0.17386557076682657,0.17135077554805353,0.16575574790571906,0.16170058863984094,0.0,0.0,0.0,0.0,0.0,0.0,0.0,0.0,0.0,0.0,0.0,0.0,0.0,0.0,0.0,0.0,0.0,0.0,0.0,0.0,0.06350380217378342,0.0,0.0,0.0,0.0,0.0,0.0,0.04319462280499512,0.0,0.0,0.0,0.0,0.0,0.0,0.02145902781800263,0.0,0.0,0.0,0.0,0.0
개인,0.0,0.0,0.0,0.0,0.05688511440941863,0.0,0.0,0.0,0.0,0.0,0.0,0.0,0.0,0.0,0.0,0.0,0.0,0.0,0.0,0.0,0.0,0.0,0.0,0.0,0.0,0.04665042173406756,0.0,0.0,0.0,0.0,0.0,0.0,0.0,0.0,0.0,0.0,0.0,0.0,0.0,0.0,0.17629999577802077,0.2774709600174015,0.23793059377210907,0.0,0.22040771693652364,0.21099595893696466,0.20922681838274182,0.1946928280994212,0.19116496634776917,0.19340353989848835,0.0,0.0,0.0,0.0,0.0,0.0,0.0,0.0,0.0,0.0,0.0,0.0,0.0,0.0,0.0,0.0,0.0,0.0,0.0,0.0,0.0,0.0,0.06294028223188838,0.0,0.0,0.0,0.0,0.09293432277664383,0.0,0.0,0.0,0.0,0.0,0.0,0.0,0.0,0.0,0.0,0.0,0.0
행동,0.0,0.0,0.0,0.0,0.03395365639822688,0.0,0.0,0.0,0.0,0.0,0.0,0.0,0.0,0.0,0.0,0.0,0.0,0.0,0.0,0.0,0.15347201909071229,0.0,0.0,0.0,0.04608397675380242,0.08016296986279563,0.0,0.04507994498831194,0.06849921436176085,0.04286183849985051,0.0,0.0,0.0,0.0,0.0,0.0,0.0,0.0,0.0,0.0,0.23328295246741768,0.15897915367890206,0.23551820554738556,0.22040771693652364,0.0,0.16289794171636546,0.1574067338242243,0.14768982936132416,0.14130297696164235,0.14556075655228928,0.0,0.0,0.0,0.0,0.0,0.0,0.0,0.0,0.0,0.0,0.0,0.0,0.0,0.0,0.0,0.0,0.0,0.0,0.0,0.0,0.06802622143653345,0.0,0.04032687369714433,0.0,0.0,0.0,0.0,0.05482668193508075,0.0,0.0,0.0,0.0,0.0,0.0,0.023317675067286377,0.0,0.0,0.0,0.0,0.0
부족,0.0,0.0,0.0,0.0,0.051580752618783636,0.0,0.0,0.0,0.0,0.0,0.0,0.0,0.0,0.0,0.0,0.0,0.0,0.0,0.0,0.0,0.0,0.0,0.0,0.0,0.0,0.03810050433672909,0.0,0.0,0.0,0.0,0.0,0.0,0.0,0.0,0.0,0.0,0.0,0.0,0.0,0.0,0.14969819789279354,0.24126140357136724,0.18761267519050892,0.21099595893696466,0.16289794171636546,0.0,0.14824315735162838,0.15265391801549855,0.14645013108852542,0.13640983249318875,0.0,0.0,0.0,0.0,0.0,0.0,0.0,0.0,0.0,0.0,0.0,0.0,0.0,0.0,0.0,0.0,0.0,0.0,0.0,0.0,0.0,0.0,0.0,0.0,0.0,0.0,0.0,0.05127216317666344,0.0,0.0,0.0,0.0,0.0,0.0,0.03624931327496236,0.0,0.0,0.0,0.0,0.0
판단,0.0,0.0,0.0,0.0,0.043097837958579084,0.0,0.0,0.0,0.0,0.0,0.0,0.0,0.0,0.0,0.0,0.0,0.0,0.0,0.0,0.0,0.0,0.0,0.0,0.0,0.0,0.031719588261398375,0.0,0.0,0.0,0.0,0.0,0.0,0.0,0.0,0.0,0.0,0.0,0.0,0.0,0.0,0.1439499131394495,0.22681671030588596,0.17386557076682657,0.20922681838274182,0.1574067338242243,0.14824315735162838,0.0,0.13293716917285872,0.12669914374960067,0.1334396730197377,0.0,0.0,0.0,0.0,0.0,0.0,0.0,0.0,0.0,0.0,0.0,0.0,0.0,0.0,0.0,0.0,0.0,0.0,0.0,0.0,0.041174686706250054,0.0,0.051575230978474315,0.0,0.0,0.0,0.0,0.06769533041674854,0.0,0.0,0.0,0.0,0.0,0.0,0.02909108189261547,0.0,0.0,0.0,0.0,0.0
자세,0.0,0.0,0.0,0.0,0.047205776978838536,0.0,0.0,0.0,0.0,0.0,0.0,0.0,0.0,0.0,0.0,0.0,0.0,0.0,0.0,0.0,0.0,0.0,0.0,0.0,0.0,0.03438645956188685,0.0,0.0,0.0,0.0,0.0,0.0,0.0,0.0,0.0,0.0,0.0,0.0,0.0,0.0,0.14150130463361732,0.22831793423896857,0.17135077554805353,0.1946928280994212,0.14768982936132416,0.15265391801549855,0.13293716917285872,0.0,0.12955680006221593,0.12177789322108765,0.0,0.0,0.0,0.0,0.0,0.0,0.0,0.0,0.0,0.0,0.0,0.0,0.0,0.0,0.0,0.0,0.0,0.0,0.0,0.0,0.0,0.0,0.0,0.0,0.0,0.0,0.0,0.04637095860434743,0.0,0.0,0.0,0.0,0.0,0.0,0.03242137657925858,0.0,0.0,0.0,0.0,0.0
평재,0.0,0.0,0.0,0.0,0.0364746028922883,0.0,0.0,0.0,0.0,0.0,0.0,0.0,0.0,0.0,0.0,0.0,0.0,0.0,0.0,0.0,0.0,0.0,0.0,0.0,0.0,0.027511803280233497,0.0,0.0,0.0,0.0,0.0,0.0,0.0,0.0,0.0,0.0,0.0,0.0,0.0,0.0,0.13891702494988034,0.22351533319606523,0.16575574790571906,0.19116496634776917,0.14130297696164235,0.14645013108852542,0.12669914374960067,0.12955680006221593,0.0,0.11312254852598551,0.0,0.0,0.0,0.0,0.0,0.0,0.0,0.0,0.0,0.0,0.0,0.0,0.0,0.0,0.0,0.0,0.0,0.0,0.0,0.0,0.0,0.0,0.0,0.0,0.0,0.0,0.0,0.04156650287852365,0.0,0.0,0.0,0.0,0.0,0.0,0.0,0.0,0.0,0.0,0.0,0.0
인지,0.0,0.0,0.0,0.0,0.04504682971219977,0.0,0.0,0.0,0.0,0.0,0.0,0.0,0.0,0.0,0.0,0.0,0.0,0.0,0.0,0.0,0.0,0.0,0.0,0.0,0.0,0.03195700061381218,0.0,0.027305575720407767,0.0,0.0,0.0,0.0,0.0,0.0,0.0,0.0,0.0,0.0,0.0,0.0,0.13817057661934812,0.12800078102016138,0.16170058863984094,0.19340353989848835,0.14556075655228928,0.13640983249318875,0.1334396730197377,0.12177789322108765,0.11312254852598551,0.0,0.0,0.0,0.0,0.0,0.0,0.0,0.0,0.0,0.0,0.0,0.0,0.0,0.0,0.0,0.0,0.0,0.0,0.0,0.0,0.0,0.03881084691438912,0.0,0.049142237591725285,0.0,0.03993806580853844,0.0,0.03614746264769564,0.06266748487187655,0.0,0.0,0.0,0.0,0.0,0.0,0.031182764958032565,0.0,0.0,0.0,0.0,0.0
자재,0.0,0.0,0.0,0.0,0.0,0.0,0.0,0.0,0.0,0.0,0.0,0.0,0.0,0.0,0.0,0.0,0.0,0.0,0.0,0.0,0.0,0.0,0.0,0.0,0.0,0.0,0.0,0.0,0.0,0.0,0.0,0.0,0.0,0.0,0.0,0.0,0.0,0.0,0.0,0.0,0.0,0.0,0.0,0.0,0.0,0.0,0.0,0.0,0.0,0.0,0.0,0.0,0.0,0.0,0.0,0.0,0.0,0.0,0.0,0.0,0.0,0.0,0.0,0.0,0.0,0.0,0.0,0.0,0.0,0.0,0.0,0.0,0.0,0.0,0.0,0.0,0.0,0.0,0.0,0.0,0.0,0.0,0.0,0.0,0.0,0.0,0.0,0.0,0.0,0.0
이동,0.0,0.0,0.0,0.0,0.0,0.0,0.0,0.0,0.0,0.0,0.0,0.0,0.0,0.0,0.0,0.0,0.0,0.0,0.0,0.0,0.0,0.0,0.0,0.0,0.0,0.0,0.0,0.0,0.0,0.0,0.0,0.0,0.0,0.0,0.0,0.0,0.0,0.0,0.0,0.0,0.0,0.0,0.0,0.0,0.0,0.0,0.0,0.0,0.0,0.0,0.0,0.0,0.0,0.0,0.0,0.0,0.0,0.0,0.0,0.0,0.0,0.0,0.0,0.0,0.0,0.0,0.0,0.0,0.0,0.0,0.0,0.0,0.0,0.0,0.0,0.0,0.0,0.0,0.0,0.0,0.0,0.0,0.0,0.0,0.0,0.0,0.0,0.0,0.0,0.0
균형,0.0,0.0,0.0,0.09842308520771142,0.0,0.0,0.0,0.0,0.0,0.0,0.0,0.0,0.0,0.0,0.0,0.0,0.0,0.0,0.0,0.0,0.0,0.0,0.0,0.0,0.0,0.0,0.0,0.0,0.0,0.0835624763941994,0.0,0.0,0.0,0.0,0.0,0.0,0.0,0.0,0.0,0.0,0.0,0.0,0.0,0.0,0.0,0.0,0.0,0.0,0.0,0.0,0.0,0.0,0.0,0.3328716495171681,0.318801430340113,0.3111729199528066,0.0,0.2833836506945052,0.2833836506945052,0.2833836506945052,0.0,0.0,0.0,0.0,0.0,0.0,0.0,0.0,0.0,0.0,0.0,0.0,0.0,0.0,0.0,0.0,0.0,0.0,0.0,0.0,0.0,0.0,0.25022434592177245,0.32891301128039385,0.0,0.20776235408185334,0.0,0.0,0.0,0.0
운반,0.0,0.0,0.0,0.09839152999964057,0.05261695447476556,0.0,0.0,0.0,0.04564726849144611,0.044999837748064306,0.0,0.0,0.0,0.0,0.0,0.0,0.0,0.0,0.0,0.0,0.0,0.0,0.0,0.0,0.0,0.0,0.0,0.0,0.0,0.031205822636141505,0.0,0.0,0.0,0.0,0.0,0.0,0.0,0.0,0.0,0.0,0.0,0.0,0.0,0.0,0.0,0.0,0.0,0.0,0.0,0.0,0.0,0.0,0.3328716495171681,0.0,0.2438226636941902,0.23478518336345974,0.0,0.20722337011822772,0.20722337011822772,0.20722337011822772,0.0,0.0,0.0,0.0,0.0,0.0,0.0,0.0,0.0,0.04727723315274293,0.0,0.0,0.0,0.0,0.0,0.0,0.0,0.0,0.0,0.0,0.0,0.0,0.2352644733485813,0.3275091939849586,0.025207948992060882,0.26914059197274315,0.0,0.0,0.0,0.04733636170647729
년월,0.0,0.0,0.0,0.06308443251896184,0.0,0.0,0.0,0.0,0.0,0.0,0.0,0.0,0.0,0.0,0.0,0.0,0.0,0.0,0.0,0.0,0.0,0.0,0.0,0.0,0.0,0.0,0.0,0.0,0.0,0.060264034947875536,0.0,0.0,0.0,0.0,0.0,0.0,0.0,0.0,0.0,0.0,0.0,0.0,0.0,0.0,0.0,0.0,0.0,0.0,0.0,0.0,0.0,0.0,0.318801430340113,0.2438226636941902,0.0,0.22293716790402332,0.0,0.19783959830877157,0.19783959830877157,0.19783959830877157,0.0,0.0,0.0,0.0,0.0,0.0,0.0,0.0,0.0,0.0,0.0,0.0,0.0,0.0,0.0,0.0,0.0,0.0,0.0,0.0,0.0,0.0,0.1695674940805797,0.24885841490724941,0.0,0.16473453786777315,0.0,0.0,0.0,0.0
트러스,0.0,0.0,0.0,0.059376969646734064,0.0,0.0,0.0,0.0,0.0,0.0,0.0,0.0,0.0,0.0,0.0,0.0,0.0,0.0,0.0,0.0,0.0,0.0,0.0,0.0,0.0,0.0,0.0,0.0,0.0,0.04993006380332816,0.0,0.0,0.0,0.0,0.0,0.0,0.0,0.0,0.0,0.0,0.0,0.0,0.0,0.0,0.0,0.0,0.0,0.0,0.0,0.0,0.0,0.0,0.3111729199528066,0.23478518336345974,0.22293716790402332,0.0,0.0,0.18662517983769245,0.18662517983769245,0.18662517983769245,0.0,0.0,0.0,0.0,0.0,0.0,0.0,0.0,0.0,0.0,0.0,0.0,0.0,0.0,0.0,0.0,0.0,0.0,0.0,0.0,0.0,0.0,0.15921528650195144,0.23984280510448303,0.0,0.15870733166721113,0.0,0.0,0.0,0.0
설치,0.0,0.0,0.0,0.0,0.0,0.0,0.0,0.0,0.0,0.0,0.0,0.0,0.0,0.0,0.0,0.0,0.0,0.0,0.0,0.0,0.0,0.0,0.0,0.0,0.0,0.0,0.0,0.0,0.0,0.0,0.0,0.0,0.0,0.0,0.0,0.0,0.0,0.0,0.0,0.0,0.0,0.0,0.0,0.0,0.0,0.0,0.0,0.0,0.0,0.0,0.0,0.0,0.0,0.0,0.0,0.0,0.0,0.0,0.0,0.0,0.0,0.0,0.0,0.0,0.0,0.0,0.0,0.0,0.0,0.0,0.0,0.0,0.0,0.0,0.0,0.0,0.0,0.0,0.0,0.0,0.0,0.0,0.0,0.0,0.0,0.0,0.0,0.0,0.0,0.0
혼합,0.0,0.0,0.0,0.045452265823704555,0.0,0.0,0.0,0.0,0.0,0.0,0.0,0.0,0.0,0.0,0.0,0.0,0.0,0.0,0.0,0.0,0.0,0.0,0.0,0.0,0.0,0.0,0.0,0.0,0.0,0.04092125813752161,0.0,0.0,0.0,0.0,0.0,0.0,0.0,0.0,0.0,0.0,0.0,0.0,0.0,0.0,0.0,0.0,0.0,0.0,0.0,0.0,0.0,0.0,0.2833836506945052,0.20722337011822772,0.19783959830877157,0.18662517983769245,0.0,0.0,0.16126381846798893,0.16126381846798893,0.0,0.0,0.0,0.0,0.0,0.0,0.0,0.0,0.0,0.0,0.0,0.0,0.0,0.0,0.0,0.0,0.0,0.0,0.0,0.0,0.0,0.0,0.13209739560613287,0.2146039737910582,0.0,0.1456811421459951,0.0,0.0,0.0,0.0
소속,0.0,0.0,0.0,0.045452265823704555,0.0,0.0,0.0,0.0,0.0,0.0,0.0,0.0,0.0,0.0,0.0,0.0,0.0,0.0,0.0,0.0,0.0,0.0,0.0,0.0,0.0,0.0,0.0,0.0,0.0,0.04092125813752161,0.0,0.0,0.0,0.0,0.0,0.0,0.0,0.0,0.0,0.0,0.0,0.0,0.0,0.0,0.0,0.0,0.0,0.0,0.0,0.0,0.0,0.0,0.2833836506945052,0.20722337011822772,0.19783959830877157,0.18662517983769245,0.0,0.16126381846798893,0.0,0.16126381846798893,0.0,0.0,0.0,0.0,0.0,0.0,0.0,0.0,0.0,0.0,0.0,0.0,0.0,0.0,0.0,0.0,0.0,0.0,0.0,0.0,0.0,0.0,0.13209739560613287,0.2146039737910582,0.0,0.1456811421459951,0.0,0.0,0.0,0.0
압송,0.0,0.0,0.0,0.045452265823704555,0.0,0.0,0.0,0.0,0.0,0.0,0.0,0.0,0.0,0.0,0.0,0.0,0.0,0.0,0.0,0.0,0.0,0.0,0.0,0.0,0.0,0.0,0.0,0.0,0.0,0.04092125813752161,0.0,0.0,0.0,0.0,0.0,0.0,0.0,0.0,0.0,0.0,0.0,0.0,0.0,0.0,0.0,0.0,0.0,0.0,0.0,0.0,0.0,0.0,0.2833836506945052,0.20722337011822772,0.19783959830877157,0.18662517983769245,0.0,0.16126381846798893,0.16126381846798893,0.0,0.0,0.0,0.0,0.0,0.0,0.0,0.0,0.0,0.0,0.0,0.0,0.0,0.0,0.0,0.0,0.0,0.0,0.0,0.0,0.0,0.0,0.0,0.13209739560613287,0.2146039737910582,0.0,0.1456811421459951,0.0,0.0,0.0,0.0
이동,0.0,0.0,0.0,0.0,0.0,0.0,0.0,0.0,0.0,0.0,0.0,0.0,0.0,0.0,0.0,0.0,0.0,0.0,0.0,0.0,0.0,0.0,0.0,0.0,0.0,0.0,0.0,0.0,0.0,0.0,0.0,0.0,0.0,0.0,0.0,0.0,0.0,0.0,0.0,0.0,0.0,0.0,0.0,0.0,0.0,0.0,0.0,0.0,0.0,0.0,0.0,0.0,0.0,0.0,0.0,0.0,0.0,0.0,0.0,0.0,0.0,0.0,0.0,0.0,0.0,0.0,0.0,0.0,0.0,0.0,0.0,0.0,0.0,0.0,0.0,0.0,0.0,0.0,0.0,0.0,0.0,0.0,0.0,0.0,0.0,0.0,0.0,0.0,0.0,0.0
보행,0.0,0.0,0.0,0.0,0.0,0.0,0.0,0.0,0.0,0.0,0.0,0.0,0.0,0.0,0.0,0.0,0.0,0.0,0.0,0.0,0.0,0.0,0.0,0.0,0.0,0.0,0.0,0.0,0.0,0.0,0.0,0.0,0.0,0.0,0.0,0.0,0.0,0.0,0.0,0.0,0.0,0.0,0.0,0.0,0.0,0.0,0.0,0.0,0.0,0.0,0.0,0.0,0.0,0.0,0.0,0.0,0.0,0.0,0.0,0.0,0.0,0.0,0.6697637912586427,0.6697637912586427,0.6697637912586427,0.6697637912586427,0.6413584513431376,0.6252114627393052,0.6048985470258356,0.5144782629833241,0.0,0.0,0.0,0.0,0.0,0.0,0.0,0.0,0.0,0.0,0.0,0.0,0.0,0.0,0.0,0.8177384395714931,0.0,0.1994033463099531,0.0,0.0
뒷걸음,0.0,0.0,0.0,0.0,0.0,0.0,0.0,0.0,0.0,0.0,0.0,0.0,0.0,0.0,0.0,0.0,0.0,0.0,0.0,0.0,0.0,0.0,0.0,0.0,0.0,0.0,0.0,0.0,0.0,0.0,0.0,0.0,0.0,0.0,0.0,0.0,0.0,0.0,0.0,0.0,0.0,0.0,0.0,0.0,0.0,0.0,0.0,0.0,0.0,0.0,0.0,0.0,0.0,0.0,0.0,0.0,0.0,0.0,0.0,0.0,0.0,0.6697637912586427,0.0,0.5418464300524428,0.5418464300524428,0.5418464300524428,0.5135814443786966,0.49742510397574013,0.4767734494921335,0.3875747369371471,0.0,0.0,0.0,0.0,0.0,0.0,0.0,0.0,0.0,0.0,0.0,0.0,0.0,0.0,0.0,0.6921093925101257,0.0,0.13909204832380928,0.0,0.0
잔돌,0.0,0.0,0.0,0.0,0.0,0.0,0.0,0.0,0.0,0.0,0.0,0.0,0.0,0.0,0.0,0.0,0.0,0.0,0.0,0.0,0.0,0.0,0.0,0.0,0.0,0.0,0.0,0.0,0.0,0.0,0.0,0.0,0.0,0.0,0.0,0.0,0.0,0.0,0.0,0.0,0.0,0.0,0.0,0.0,0.0,0.0,0.0,0.0,0.0,0.0,0.0,0.0,0.0,0.0,0.0,0.0,0.0,0.0,0.0,0.0,0.0,0.6697637912586427,0.5418464300524428,0.0,0.5418464300524428,0.5418464300524428,0.5135814443786966,0.49742510397574013,0.4767734494921335,0.3875747369371471,0.0,0.0,0.0,0.0,0.0,0.0,0.0,0.0,0.0,0.0,0.0,0.0,0.0,0.0,0.0,0.6921093925101257,0.0,0.13909204832380928,0.0,0.0
바닥상태,0.0,0.0,0.0,0.0,0.0,0.0,0.0,0.0,0.0,0.0,0.0,0.0,0.0,0.0,0.0,0.0,0.0,0.0,0.0,0.0,0.0,0.0,0.0,0.0,0.0,0.0,0.0,0.0,0.0,0.0,0.0,0.0,0.0,0.0,0.0,0.0,0.0,0.0,0.0,0.0,0.0,0.0,0.0,0.0,0.0,0.0,0.0,0.0,0.0,0.0,0.0,0.0,0.0,0.0,0.0,0.0,0.0,0.0,0.0,0.0,0.0,0.6697637912586427,0.5418464300524428,0.5418464300524428,0.0,0.5418464300524428,0.5135814443786966,0.49742510397574013,0.4767734494921335,0.3875747369371471,0.0,0.0,0.0,0.0,0.0,0.0,0.0,0.0,0.0,0.0,0.0,0.0,0.0,0.0,0.0,0.6921093925101257,0.0,0.13909204832380928,0.0,0.0
헛딛음,0.0,0.0,0.0,0.0,0.0,0.0,0.0,0.0,0.0,0.0,0.0,0.0,0.0,0.0,0.0,0.0,0.0,0.0,0.0,0.0,0.0,0.0,0.0,0.0,0.0,0.0,0.0,0.0,0.0,0.0,0.0,0.0,0.0,0.0,0.0,0.0,0.0,0.0,0.0,0.0,0.0,0.0,0.0,0.0,0.0,0.0,0.0,0.0,0.0,0.0,0.0,0.0,0.0,0.0,0.0,0.0,0.0,0.0,0.0,0.0,0.0,0.6697637912586427,0.5418464300524428,0.5418464300524428,0.5418464300524428,0.0,0.5135814443786966,0.49742510397574013,0.4767734494921335,0.3875747369371471,0.0,0.0,0.0,0.0,0.0,0.0,0.0,0.0,0.0,0.0,0.0,0.0,0.0,0.0,0.0,0.6921093925101257,0.0,0.13909204832380928,0.0,0.0
물체,0.0,0.0,0.0,0.0,0.0,0.0,0.0,0.0,0.0,0.0,0.0,0.0,0.0,0.0,0.0,0.0,0.0,0.0,0.0,0.0,0.0,0.0,0.0,0.0,0.0,0.0,0.0,0.0,0.0,0.0,0.0,0.0,0.0,0.0,0.0,0.0,0.0,0.0,0.0,0.0,0.0,0.0,0.0,0.0,0.0,0.0,0.0,0.0,0.0,0.0,0.0,0.0,0.0,0.0,0.0,0.0,0.0,0.0,0.0,0.0,0.0,0.6413584513431376,0.5135814443786966,0.5135814443786966,0.5135814443786966,0.5135814443786966,0.0,0.47031149741465567,0.4496552909924162,0.36176979955388533,0.0,0.0,0.0,0.0,0.0,0.0,0.0,0.0,0.0,0.0,0.0,0.0,0.0,0.0,0.0,0.6655240138773617,0.0,0.1281747206840251,0.0,0.0
지정,0.0,0.0,0.0,0.0,0.0,0.0,0.0,0.0,0.0,0.0,0.0,0.0,0.0,0.0,0.0,0.0,0.0,0.0,0.0,0.0,0.0,0.0,0.0,0.0,0.0,0.0,0.0,0.0,0.0,0.0,0.0,0.0,0.0,0.0,0.0,0.0,0.0,0.0,0.0,0.0,0.0,0.0,0.0,0.0,0.0,0.0,0.0,0.0,0.0,0.0,0.0,0.0,0.0,0.0,0.0,0.0,0.0,0.0,0.0,0.0,0.0,0.6252114627393052,0.49742510397574013,0.49742510397574013,0.49742510397574013,0.49742510397574013,0.47031149741465567,0.0,0.43349849778133986,0.3456794449266071,0.0,0.0,0.0,0.0,0.0,0.0,0.0,0.0,0.0,0.0,0.0,0.0,0.0,0.0,0.0,0.6496629013231379,0.0,0.1206194428410193,0.0,0.0
통행,0.0,0.0,0.0,0.0,0.0,0.0,0.0,0.0,0.0,0.0,0.0,0.0,0.0,0.0,0.0,0.0,0.0,0.0,0.0,0.0,0.0,0.0,0.0,0.0,0.0,0.0,0.0,0.0,0.0,0.0,0.0,0.0,0.0,0.0,0.0,0.0,0.0,0.0,0.0,0.0,0.0,0.0,0.0,0.0,0.0,0.0,0.0,0.0,0.0,0.0,0.0,0.0,0.0,0.0,0.0,0.0,0.0,0.0,0.0,0.0,0.0,0.6048985470258356,0.4767734494921335,0.4767734494921335,0.4767734494921335,0.4767734494921335,0.4496552909924162,0.43349849778133986,0.0,0.32560481867918223,0.0,0.0,0.0,0.0,0.0,0.0,0.0,0.0,0.0,0.0,0.0,0.0,0.0,0.0,0.0,0.6297032353302543,0.0,0.11121346254685123,0.0,0.0
주위,0.0,0.0,0.0,0.04678699408367864,0.045775062633837134,0.0,0.0,0.0,0.038805376650517684,0.03815794590713588,0.0,0.0,0.0,0.0,0.0,0.0,0.0,0.0,0.0,0.0,0.0,0.0,0.0,0.0,0.0,0.0,0.0,0.0,0.0,0.0,0.0,0.0,0.0,0.0,0.0,0.0,0.0,0.0,0.0,0.0,0.0,0.0,0.0,0.0,0.0,0.0,0.0,0.0,0.0,0.0,0.0,0.0,0.0,0.04727723315274293,0.0,0.0,0.0,0.0,0.0,0.0,0.0,0.5144782629833241,0.3875747369371471,0.3875747369371471,0.3875747369371471,0.3875747369371471,0.36176979955388533,0.3456794449266071,0.32560481867918223,0.0,0.0,0.0,0.0,0.0,0.0,0.0,0.0,0.0,0.0,0.0,0.0,0.0,0.04015519260623514,0.051829402617599364,0.0,0.6003540969179693,0.0,0.03256876838819282,0.0,0.04049446986554886
미흡,0.0,0.0,0.0,0.0,0.0,0.0,0.0,0.0,0.0,0.0,0.0,0.0,0.0,0.0,0.0,0.0,0.0,0.0,0.0,0.0,0.17132629062770088,0.0,0.0,0.0,0.063938248290791,0.063938248290791,0.0,0.10707778651061342,0.11570367849790007,0.09709368707989241,0.0,0.0,0.0,0.0,0.0,0.0,0.0,0.0,0.0,0.0,0.08198827472631748,0.0,0.06350380217378342,0.0,0.06802622143653345,0.0,0.041174686706250054,0.0,0.0,0.03881084691438912,0.0,0.0,0.0,0.0,0.0,0.0,0.0,0.0,0.0,0.0,0.0,0.0,0.0,0.0,0.0,0.0,0.0,0.0,0.0,0.0,0.0,0.3512180082095813,0.32287099166809424,0.3287331168790193,0.3278960130928428,0.31980879168791543,0.30870341420489555,0.2932927925929666,0.3076676194540374,0.3019669349016877,0.0,0.04762460358180524,0.0,0.0,0.0,0.0,0.0,0.0,0.036990314363922756,0.0
통제,0.0,0.0,0.0,0.0,0.0,0.0,0.0,0.0,0.0,0.0,0.0,0.0,0.0,0.0,0.0,0.0,0.0,0.0,0.0,0.0,0.0,0.0,0.0,0.0,0.0,0.0,0.0,0.053830134623936675,0.0632826443602281,0.043660059549863156,0.0,0.0,0.0,0.0,0.0,0.0,0.0,0.0,0.0,0.0,0.0,0.0,0.0,0.0,0.0,0.0,0.0,0.0,0.0,0.0,0.0,0.0,0.0,0.0,0.0,0.0,0.0,0.0,0.0,0.0,0.0,0.0,0.0,0.0,0.0,0.0,0.0,0.0,0.0,0.0,0.3512180082095813,0.0,0.20282087076156513,0.2107772493875789,0.20905849686913028,0.20173998977669874,0.19068345863877434,0.16978492927737437,0.18851858020665863,0.18354121229513515,0.0,0.058816121563438274,0.0,0.0,0.0,0.0,0.0,0.0,0.046314345773562804,0.0
주변,0.0,0.0,0.0,0.0,0.0,0.0,0.0,0.0,0.0,0.0,0.0,0.0,0.0,0.0,0.0,0.0,0.0,0.0,0.0,0.0,0.0,0.0,0.0,0.0,0.0,0.0,0.0,0.045291850536790176,0.049198865658998094,0.05293699465132221,0.0,0.0,0.0,0.0,0.0,0.0,0.0,0.0,0.0,0.0,0.0,0.0,0.0,0.06294028223188838,0.04032687369714433,0.0,0.051575230978474315,0.0,0.0,0.049142237591725285,0.0,0.0,0.0,0.0,0.0,0.0,0.0,0.0,0.0,0.0,0.0,0.0,0.0,0.0,0.0,0.0,0.0,0.0,0.0,0.0,0.32287099166809424,0.20282087076156513,0.0,0.1809972301501121,0.1803805107158809,0.17389185796316908,0.16553510381574837,0.1561904607729711,0.1601070182685075,0.15574950953185684,0.0,0.049899376359192886,0.040273382210233216,0.0,0.0,0.0,0.0,0.0,0.03922940292266996,0.0
동부,0.0,0.0,0.0,0.0,0.0,0.0,0.0,0.0,0.0,0.0,0.0,0.0,0.0,0.0,0.0,0.0,0.0,0.0,0.0,0.0,0.0,0.0,0.0,0.0,0.0,0.0,0.0,0.036477237069601445,0.04815347719429234,0.0,0.0,0.0,0.0,0.0,0.0,0.0,0.0,0.0,0.0,0.0,0.0,0.0,0.0,0.0,0.0,0.0,0.0,0.0,0.0,0.0,0.0,0.0,0.0,0.0,0.0,0.0,0.0,0.0,0.0,0.0,0.0,0.0,0.0,0.0,0.0,0.0,0.0,0.0,0.0,0.0,0.3287331168790193,0.2107772493875789,0.1809972301501121,0.0,0.18573288271173474,0.1822000558857219,0.16951063914867154,0.14882883225479765,0.16646317796804694,0.16490149510462845,0.0,0.046793754256619066,0.0,0.0,0.0,0.0,0.0,0.0,0.03620310393287662,0.0
원인,0.0,0.0,0.0,0.0,0.0,0.0,0.0,0.0,0.0,0.0,0.0,0.0,0.0,0.0,0.0,0.0,0.0,0.0,0.0,0.0,0.0,0.0,0.0,0.0,0.0,0.0,0.0,0.048893847210232565,0.056604358084414066,0.039042466356055384,0.0,0.0,0.0,0.0,0.0,0.0,0.0,0.0,0.0,0.0,0.0,0.0,0.0,0.0,0.0,0.0,0.0,0.0,0.0,0.03993806580853844,0.0,0.0,0.0,0.0,0.0,0.0,0.0,0.0,0.0,0.0,0.0,0.0,0.0,0.0,0.0,0.0,0.0,0.0,0.0,0.0,0.3278960130928428,0.20905849686913028,0.1803805107158809,0.18573288271173474,0.0,0.17776774358468578,0.16743422561928917,0.1499162613170914,0.16554910642390203,0.159479483194314,0.0,0.05284133490382363,0.0,0.0,0.0,0.0,0.0,0.0,0.04182984035965184,0.0
착용,0.0,0.0,0.0,0.0,0.0,0.0,0.0,0.0,0.0,0.0,0.0,0.0,0.0,0.0,0.0,0.0,0.0,0.0,0.0,0.0,0.0,0.0,0.0,0.0,0.0,0.0,0.0,0.03790022601207677,0.0446186577098871,0.0,0.0,0.0,0.0,0.0,0.0,0.0,0.0,0.0,0.0,0.0,0.0,0.0,0.0,0.0,0.0,0.0,0.0,0.0,0.0,0.0,0.0,0.0,0.0,0.0,0.0,0.0,0.0,0.0,0.0,0.0,0.0,0.0,0.0,0.0,0.0,0.0,0.0,0.0,0.0,0.0,0.31980879168791543,0.20173998977669874,0.17389185796316908,0.1822000558857219,0.17776774358468578,0.0,0.16455632924079105,0.14334613108250097,0.15727188934154063,0.15608731670669224,0.0,0.05107828103994877,0.0,0.0,0.0,0.0,0.0,0.0,0.040886383011993224,0.0
하부,0.0,0.0,0.0,0.0,0.0,0.0,0.0,0.0,0.0,0.0,0.0,0.0,0.0,0.0,0.0,0.0,0.0,0.0,0.0,0.0,0.0,0.0,0.0,0.0,0.0,0.0,0.0,0.04000029171965618,0.03968019773897961,0.0,0.0,0.0,0.0,0.0,0.0,0.0,0.0,0.0,0.0,0.0,0.0,0.0,0.0,0.0,0.0,0.0,0.0,0.0,0.0,0.03614746264769564,0.0,0.0,0.0,0.0,0.0,0.0,0.0,0.0,0.0,0.0,0.0,0.0,0.0,0.0,0.0,0.0,0.0,0.0,0.0,0.0,0.30870341420489555,0.19068345863877434,0.16553510381574837,0.16951063914867154,0.16743422561928917,0.16455632924079105,0.0,0.13600345122607918,0.14559376282114023,0.1444361591641045,0.0,0.05238787195704374,0.0,0.0,0.0,0.0,0.0,0.0,0.04195004840249559,0.0
구간,0.0,0.0,0.0,0.0,0.03658817413783085,0.0,0.0,0.0,0.0,0.0,0.0,0.0,0.0,0.0,0.0,0.0,0.0,0.0,0.0,0.0,0.0,0.0,0.0,0.0,0.0,0.0,0.0,0.03533421018305886,0.037758133301928024,0.0,0.0,0.0,0.0,0.0,0.0,0.0,0.0,0.0,0.0,0.0,0.0,0.0,0.04319462280499512,0.09293432277664383,0.05482668193508075,0.05127216317666344,0.06769533041674854,0.04637095860434743,0.04156650287852365,0.06266748487187655,0.0,0.0,0.0,0.0,0.0,0.0,0.0,0.0,0.0,0.0,0.0,0.0,0.0,0.0,0.0,0.0,0.0,0.0,0.0,0.0,0.2932927925929666,0.16978492927737437,0.1561904607729711,0.14882883225479765,0.1499162613170914,0.14334613108250097,0.13600345122607918,0.0,0.13077916827562805,0.12618409550124343,0.0,0.040187018242613504,0.0,0.0,0.0282518562857966,0.0,0.0,0.0,0.03210854065123474,0.0
확보,0.0,0.0,0.0,0.0,0.0,0.0,0.0,0.0,0.0,0.0,0.0,0.0,0.0,0.0,0.0,0.0,0.0,0.0,0.0,0.0,0.0,0.0,0.0,0.0,0.0,0.0,0.0,0.038651925891927535,0.04827363267676061,0.03306258548924927,0.0,0.0,0.0,0.0,0.0,0.0,0.0,0.0,0.0,0.0,0.0,0.0,0.0,0.0,0.0,0.0,0.0,0.0,0.0,0.0,0.0,0.0,0.0,0.0,0.0,0.0,0.0,0.0,0.0,0.0,0.0,0.0,0.0,0.0,0.0,0.0,0.0,0.0,0.0,0.0,0.3076676194540374,0.18851858020665863,0.1601070182685075,0.16646317796804694,0.16554910642390203,0.15727188934154063,0.14559376282114023,0.13077916827562805,0.0,0.1399068971809332,0.0,0.04190532213560786,0.0,0.0,0.0,0.0,0.0,0.0,0.0322873762595513,0.0
보호,0.0,0.0,0.0,0.0,0.0,0.0,0.0,0.0,0.0,0.0,0.0,0.0,0.0,0.0,0.0,0.0,0.0,0.0,0.0,0.0,0.0,0.0,0.0,0.0,0.0,0.0,0.0,0.02966147056398075,0.038526241567790484,0.0,0.0,0.0,0.0,0.0,0.0,0.0,0.0,0.0,0.0,0.0,0.0,0.0,0.0,0.0,0.0,0.0,0.0,0.0,0.0,0.0,0.0,0.0,0.0,0.0,0.0,0.0,0.0,0.0,0.0,0.0,0.0,0.0,0.0,0.0,0.0,0.0,0.0,0.0,0.0,0.0,0.3019669349016877,0.18354121229513515,0.15574950953185684,0.16490149510462845,0.159479483194314,0.15608731670669224,0.1444361591641045,0.12618409550124343,0.1399068971809332,0.0,0.0,0.04071450015563918,0.0,0.0,0.0,0.0,0.0,0.0,0.031694141462416885,0.0
철골,0.0,0.0,0.0,0.0,0.0,0.0,0.0,0.0,0.0,0.0,0.0,0.0,0.0,0.0,0.0,0.0,0.0,0.0,0.0,0.0,0.0,0.0,0.0,0.0,0.0,0.0,0.0,0.0,0.0,0.0,0.0,0.23080272643973804,0.22130659833204422,0.0,0.1989265006970416,0.1853512387765174,0.18603068172984266,0.0,0.17271607047577237,0.16118430693248648,0.7654574300547513,0.0,0.0,0.0,0.0,0.0,0.0,0.0,0.0,0.0,0.0,0.0,0.0,0.0,0.0,0.0,0.0,0.0,0.0,0.0,0.0,0.0,0.0,0.0,0.0,0.0,0.0,0.0,0.0,0.0,0.0,0.0,0.0,0.0,0.0,0.0,0.0,0.0,0.0,0.0,0.0,0.043550617894016465,0.04314238576662882,0.19729313352032177,0.04027896267515815,0.03829041748883421,0.037496081103104234,0.03647912840045589,0.03634984053584488,0.09841948092847116
안전,0.0,0.0,0.0,0.0,0.0,0.0,0.0,0.0,0.0,0.024879382005299065,0.0,0.0,0.0,0.0,0.0,0.0,0.0,0.0,0.011728187053106704,0.01372081985032413,0.0,0.0,0.0,0.0,0.0,0.0,0.0,0.030589948278939325,0.024995001918198118,0.0,0.0,0.0,0.0,0.0,0.0,0.0,0.0,0.0,0.0,0.0,0.0,0.0,0.0,0.0,0.0,0.0,0.0,0.0,0.0,0.0,0.0,0.0,0.0,0.0,0.0,0.0,0.0,0.0,0.0,0.0,0.0,0.0,0.0,0.0,0.0,0.0,0.0,0.0,0.0,0.0,0.04762460358180524,0.058816121563438274,0.049899376359192886,0.046793754256619066,0.05284133490382363,0.05107828103994877,0.05238787195704374,0.040187018242613504,0.04190532213560786,0.04071450015563918,0.043550617894016465,0.0,0.04059843329644178,0.038729674840273814,0.05912555583426919,0.035746465018647165,0.05846607678764162,0.033935175930268846,0.06708330038838195,0.033744244411887864
설치,0.0,0.0,0.0,0.08946467304795425,0.04549491392825776,0.0,0.0,0.0,0.03852522794493831,0.03787779720155651,0.0,0.0,0.0,0.0,0.0,0.0,0.0,0.0,0.0,0.0,0.0,0.0,0.0,0.0,0.0,0.0,0.0,0.0,0.0,0.029933127882785907,0.0,0.0,0.0,0.0,0.0,0.0,0.0,0.0,0.0,0.0,0.0,0.0,0.0,0.0,0.0,0.0,0.0,0.0,0.0,0.0,0.0,0.0,0.25022434592177245,0.23526447334858133,0.1695674940805797,0.15921528650195144,0.0,0.13209739560613287,0.13209739560613287,0.13209739560613287,0.0,0.0,0.0,0.0,0.0,0.0,0.0,0.0,0.0,0.04015519260623514,0.0,0.0,0.040273382210233216,0.0,0.0,0.0,0.0,0.0,0.0,0.0,0.04314238576662882,0.04059843329644178,0.0,0.29224505545861185,0.06699963690153378,0.23910314857378637,0.03454389650552955,0.0335269438028812,0.050502982189882896,0.0735503334444697
자재,0.0,0.0,0.0,0.10184019925128757,0.057169123939621994,0.0,0.0,0.0,0.05019943795630254,0.049552007212920746,0.0,0.0,0.0,0.0,0.0,0.0,0.0,0.0,0.0,0.0,0.0,0.0,0.0,0.0,0.0,0.0,0.0,0.0,0.0,0.0308152332018623,0.0,0.151044577054986,0.14572453885065195,0.0,0.13289377940312647,0.19803096330516184,0.1672778586428999,0.0,0.15825238045031523,0.15050209691266106,0.731401475689466,0.0,0.0,0.0,0.0,0.0,0.0,0.0,0.0,0.0,0.0,0.0,0.32891301128039385,0.3275091939849586,0.24885841490724941,0.23984280510448303,0.0,0.2146039737910582,0.2146039737910582,0.2146039737910582,0.0,0.0,0.0,0.0,0.0,0.0,0.0,0.0,0.0,0.051829402617599364,0.0,0.0,0.0,0.0,0.0,0.0,0.0,0.0,0.0,0.0,0.19729313352032177,0.038729674840273814,0.29224505545861185,0.0,0.06358154930599755,0.32281886459193904,0.032675138049361584,0.03165818534671323,0.031528897482102226,0.11088030041425498
추락,0.0,0.0,0.0,0.03833411338423301,0.03617180102649838,0.0,0.0,0.0,0.020082850728691967,0.028851478325259732,0.0,0.0,0.0,0.0,0.0,0.0,0.0,0.0,0.008830701924081492,0.012074451692274906,0.0,0.0,0.0,0.0,0.0,0.020716034574793384,0.0,0.019790737103010384,0.0,0.0,0.0,0.0,0.0,0.0,0.0,0.0,0.0,0.0,0.0,0.0,0.0,0.0,0.02145902781800263,0.0,0.023317675067286377,0.03624931327496236,0.02909108189261547,0.03242137657925858,0.0,0.031182764958032565,0.0,0.0,0.0,0.025207948992060882,0.0,0.0,0.0,0.0,0.0,0.0,0.0,0.0,0.0,0.0,0.0,0.0,0.0,0.0,0.0,0.0,0.0,0.0,0.0,0.0,0.0,0.0,0.0,0.0282518562857966,0.0,0.0,0.04027896267515815,0.05912555583426919,0.06699963690153378,0.06358154930599755,0.0,0.03247480979978885,0.05806754880260681,0.03066352071141053,0.04880638758725224,0.030472589193029545
이동,0.0,0.0,0.0,0.06112151104989322,0.06010957960005171,0.0,0.0,0.0,0.053139893616732256,0.052492462873350465,0.0,0.0,0.0,0.0,0.0,0.0,0.0,0.0,0.0,0.0,0.0,0.0,0.0,0.0,0.0,0.0,0.0,0.0,0.0,0.0,0.0,0.0,0.0,0.0,0.0,0.0,0.0,0.0,0.0,0.0,0.0,0.0,0.0,0.0,0.0,0.0,0.0,0.0,0.0,0.0,0.0,0.0,0.20776235408185334,0.26914059197274315,0.16473453786777315,0.15870733166721113,0.0,0.1456811421459951,0.1456811421459951,0.1456811421459951,0.0,0.8177384395714931,0.6921093925101257,0.6921093925101257,0.6921093925101257,0.6921093925101257,0.6655240138773617,0.6496629013231379,0.6297032353302543,0.6003540969179691,0.0,0.0,0.0,0.0,0.0,0.0,0.0,0.0,0.0,0.0,0.03829041748883421,0.035746465018647165,0.23910314857378634,0.32281886459193904,0.03247480979978885,0.0,0.029691928227734934,0.07324935431595032,0.028545687660475577,0.08331303083846905
데크,0.0,0.0,0.0,0.02143914982394985,0.028130661175466386,0.0,0.0,0.0,0.02047780877170274,0.030446419384494994,0.0,0.0,0.0,0.0,0.0,0.0,0.0,0.0,0.011145515275263454,0.01247588973028184,0.0,0.0,0.0,0.0,0.0,0.0,0.0,0.0,0.0,0.0,0.0,0.0,0.0,0.0,0.0,0.0,0.0,0.0,0.0,0.0,0.0,0.0,0.0,0.0,0.0,0.0,0.0,0.0,0.0,0.0,0.0,0.0,0.0,0.0,0.0,0.0,0.0,0.0,0.0,0.0,0.0,0.0,0.0,0.0,0.0,0.0,0.0,0.0,0.0,0.0,0.0,0.0,0.0,0.0,0.0,0.0,0.0,0.0,0.0,0.0,0.037496081103104234,0.05846607678764162,0.03454389650552955,0.032675138049361584,0.05806754880260681,0.029691928227734934,0.0,0.02788063913935662,0.048432622443490496,0.04546547044899512
바닥,0.0,0.0,0.0,0.0,0.0,0.0,0.0,0.0,0.0,0.0,0.0,0.0,0.0,0.0,0.0,0.0,0.0,0.0,0.0,0.0,0.0,0.0,0.0,0.0,0.0,0.0,0.0,0.0,0.0,0.0,0.0,0.0,0.0,0.0,0.0,0.0,0.0,0.0,0.0,0.0,0.0,0.0,0.0,0.0,0.0,0.0,0.0,0.0,0.0,0.0,0.0,0.0,0.0,0.0,0.0,0.0,0.0,0.0,0.0,0.0,0.0,0.1994033463099531,0.13909204832380928,0.13909204832380928,0.13909204832380928,0.13909204832380928,0.1281747206840251,0.1206194428410193,0.11121346254685123,0.03256876838819282,0.0,0.0,0.0,0.0,0.0,0.0,0.0,0.0,0.0,0.0,0.03647912840045589,0.033935175930268846,0.0335269438028812,0.03165818534671323,0.03066352071141053,0.07324935431595032,0.02788063913935662,0.0,0.02673439857209726,0.02667275491832729
체결,0.0,0.0,0.0,0.0,0.0,0.0,0.0,0.0,0.0,0.021020940081988192,0.0,0.0,0.0,0.0,0.0,0.0,0.0,0.0,0.00941207952136488,0.009182716272061813,0.0,0.0,0.0,0.0,0.0,0.0,0.0,0.022429945713236706,0.017960153039469295,0.0,0.0,0.0,0.0,0.0,0.0,0.0,0.0,0.0,0.0,0.0,0.0,0.0,0.0,0.0,0.0,0.0,0.0,0.0,0.0,0.0,0.0,0.0,0.0,0.0,0.0,0.0,0.0,0.0,0.0,0.0,0.0,0.0,0.0,0.0,0.0,0.0,0.0,0.0,0.0,0.0,0.036990314363922756,0.046314345773562804,0.03922940292266996,0.03620310393287662,0.04182984035965184,0.040886383011993224,0.04195004840249559,0.03210854065123474,0.0322873762595513,0.031694141462416885,0.03634984053584488,0.06708330038838195,0.050502982189882896,0.031528897482102226,0.04880638758725224,0.028545687660475577,0.048432622443490496,0.02673439857209726,0.0,0.026543467053716276
철근,0.0,0.0,0.0,0.046846122637413,0.045834191187571496,0.0,0.0,0.0,0.05928208435925443,0.059630571568621595,0.0,0.0,0.0,0.0,0.0,0.0,0.0,0.0,0.0,0.011917896889276934,0.0,0.0,0.0,0.0,0.0,0.0,0.0,0.0,0.0,0.0,0.0,0.08029789441593413,0.07621254185341922,0.0,0.06663492043160482,0.06109936236801955,0.0660351354628967,0.0,0.06076911374172709,0.04864184568799294,0.03643079470792645,0.0,0.0,0.0,0.0,0.0,0.0,0.0,0.0,0.0,0.0,0.0,0.0,0.04733636170647729,0.0,0.0,0.0,0.0,0.0,0.0,0.0,0.0,0.0,0.0,0.0,0.0,0.0,0.0,0.0,0.04049446986554886,0.0,0.0,0.0,0.0,0.0,0.0,0.0,0.0,0.0,0.0,0.09841948092847116,0.033744244411887864,0.0735503334444697,0.11088030041425499,0.030472589193029545,0.08331303083846905,0.04546547044899512,0.02667275491832729,0.026543467053716276,0.0
