﻿Id,Label,Size
0,0_사다리_상태_거푸집,521
1,1_안전_체결_고리,174
2,2_부주의_가설_공구,157
3,3_자재_시스템_비계,153
4,4_골절_발목_왼쪽,114
5,5_자의_부주의_불안전,89
6,6_근로자_행동_불안전,63
7,7_미흡_신호_체계,62
8,8_목재_부상_좌측,54
9,9_호수_물이_형강,41
10,10_손가락_엄지손가락_사이,34
11,11_흙막이_토류판_가시,34
12,12_추락사고_충돌_설치,32
13,13_산소_절단_단기,21
14,14_단순_과실_자의,19
15,15_이동_이동식_비계,18
16,16_근로자_자재_정리,14
17,17_의사소통_신호_일치,13
18,18_포트_하층_드롭,13
