﻿Id,Label,Size
0,0_상태_미흡_그라인더,174
1,1_손가락_장갑_절단,97
2,2_사다리_안전_추락,71
3,3_부주의_개인_동작,63
4,4_근로자_행동_불안전,54
5,5_위험_불안전_대책,44
6,6_배관_이동_포트,30
7,7_이동식_이송_자재,30
8,8_미흡_소음_통제,28
9,9_골절_발목_무릎,24
10,10_계단_가설_건물,21
11,11_어깨_통증_허리,20
12,12_가스_용기_내부,18
13,13_질병_질환_장기간,18
14,14_대차_바퀴_컨베이어,17
15,15_이동_부주의_행동,16
16,16_단순_과실_자의,15
17,17_엘리베이터_상층_와이어로프,12
18,18_로프_밸브_지지,10
