﻿Id,Label,Size
0,0_철근_거푸집_손가락,1648
1,1_부주의_자의_과실,945
2,2_골절_발목_오른쪽,796
3,3_근로자_부주의_행동,319
4,4_계단_사다리_이동,215
5,5_미흡_질병_질환,208
6,6_철근_운반_자재,164
7,7_콘크리트_펌프_배관,163
8,8_호수_물이_신호,156
9,9_목재_절단_톱날,119
10,10_안전_난간_보호,116
11,11_운전_차량_트리,94
12,12_포트_펌프_레미콘,92
13,13_시스템_발판_비계,82
14,14_안경_미착_착용,76
15,15_의사소통_신호_자간,38
16,16_교육_안전교육_미흡,31
17,17_균형_각목_인써트플레이트,16
18,18_관리_자의_감독,11
